plantName,url
Aloe Vera,"https://inaturalist-open-data.s3.amazonaws.com/photos/619891026/original.jpg,https://inaturalist-open-data.s3.amazonaws.com/photos/619891028/original.jpg,https://inaturalist-open-data.s3.amazonaws.com/photos/619876895/original.jpg,https://inaturalist-open-data.s3.amazonaws.com/photos/619852908/original.jpg,https://static.inaturalist.org/photos/619840451/original.jpg,https://inaturalist-open-data.s3.amazonaws.com/photos/619837841/original.jpg"
Basil,"https://inaturalist-open-data.s3.amazonaws.com/photos/619907188/original.jpg,https://inaturalist-open-data.s3.amazonaws.com/photos/619894523/original.jpg,https://inaturalist-open-data.s3.amazonaws.com/photos/619894732/original.jpg,https://inaturalist-open-data.s3.amazonaws.com/photos/619881369/original.jpg,https://inaturalist-open-data.s3.amazonaws.com/photos/619881401/original.jpg,https://inaturalist-open-data.s3.amazonaws.com/photos/619880027/original.jpg,https://inaturalist-open-data.s3.amazonaws.com/photos/619880066/original.jpg,https://inaturalist-open-data.s3.amazonaws.com/photos/619875057/original.jpg"
Snake Plant,"https://inaturalist-open-data.s3.amazonaws.com/photos/619904401/original.jpg,https://inaturalist-open-data.s3.amazonaws.com/photos/619901387/original.jpg,https://inaturalist-open-data.s3.amazonaws.com/photos/619901368/original.jpg,https://inaturalist-open-data.s3.amazonaws.com/photos/619891552/original.jpg,https://inaturalist-open-data.s3.amazonaws.com/photos/619879873/original.jpg,https://inaturalist-open-data.s3.amazonaws.com/photos/619869175/original.jpg"
Lavender,"https://static.inaturalist.org/photos/619912519/original.jpg,https://static.inaturalist.org/photos/619910843/original.jpg,https://inaturalist-open-data.s3.amazonaws.com/photos/619906616/original.jpg,https://static.inaturalist.org/photos/619902466/original.jpg,https://inaturalist-open-data.s3.amazonaws.com/photos/619893786/original.jpg,https://inaturalist-open-data.s3.amazonaws.com/photos/619893824/original.jpg"
Cactus,"https://inaturalist-open-data.s3.amazonaws.com/photos/619912841/original.jpg,https://inaturalist-open-data.s3.amazonaws.com/photos/619912835/original.jpg,https://inaturalist-open-data.s3.amazonaws.com/photos/619912847/original.jpg,https://inaturalist-open-data.s3.amazonaws.com/photos/619912266/original.jpg,https://inaturalist-open-data.s3.amazonaws.com/photos/619912268/original.jpg,https://inaturalist-open-data.s3.amazonaws.com/photos/619911607/original.jpg,https://inaturalist-open-data.s3.amazonaws.com/photos/619911678/original.jpg,https://inaturalist-open-data.s3.amazonaws.com/photos/619911469/original.jpg,https://static.inaturalist.org/photos/619912167/original.jpg,https://inaturalist-open-data.s3.amazonaws.com/photos/619911943/original.jpg"
Rosemary,"https://inaturalist-open-data.s3.amazonaws.com/photos/619908318/original.jpg,https://inaturalist-open-data.s3.amazonaws.com/photos/619891787/original.jpg,https://inaturalist-open-data.s3.amazonaws.com/photos/619891821/original.jpg,https://inaturalist-open-data.s3.amazonaws.com/photos/619909196/original.jpg,https://inaturalist-open-data.s3.amazonaws.com/photos/619909218/original.jpg,https://inaturalist-open-data.s3.amazonaws.com/photos/619905291/original.jpg,https://inaturalist-open-data.s3.amazonaws.com/photos/619892264/original.jpg,https://inaturalist-open-data.s3.amazonaws.com/photos/619892253/original.jpg,https://inaturalist-open-data.s3.amazonaws.com/photos/619892243/original.jpg"
Mint,"https://static.inaturalist.org/photos/619909053/original.jpg,https://inaturalist-open-data.s3.amazonaws.com/photos/619909339/original.jpg,https://inaturalist-open-data.s3.amazonaws.com/photos/619905228/original.jpg,https://inaturalist-open-data.s3.amazonaws.com/photos/619905247/original.jpg,https://inaturalist-open-data.s3.amazonaws.com/photos/619903637/original.jpg,https://inaturalist-open-data.s3.amazonaws.com/photos/619905167/original.jpg,https://inaturalist-open-data.s3.amazonaws.com/photos/619905177/original.jpg,https://inaturalist-open-data.s3.amazonaws.com/photos/619905205/original.jpg,https://inaturalist-open-data.s3.amazonaws.com/photos/619905234/original.jpg,https://inaturalist-open-data.s3.amazonaws.com/photos/619901910/original.jpg"
Thyme,"https://inaturalist-open-data.s3.amazonaws.com/photos/619908386/original.jpg,https://inaturalist-open-data.s3.amazonaws.com/photos/619908398/original.jpg,https://inaturalist-open-data.s3.amazonaws.com/photos/619908407/original.jpg,https://inaturalist-open-data.s3.amazonaws.com/photos/619882612/original.jpg,https://static.inaturalist.org/photos/619910416/original.jpg,https://inaturalist-open-data.s3.amazonaws.com/photos/619902955/original.jpg,https://inaturalist-open-data.s3.amazonaws.com/photos/619898707/original.jpg"
Peace Lily,"https://inaturalist-open-data.s3.amazonaws.com/photos/619751041/original.jpg,https://inaturalist-open-data.s3.amazonaws.com/photos/619729068/original.jpg,https://inaturalist-open-data.s3.amazonaws.com/photos/619729099/original.jpg,https://inaturalist-open-data.s3.amazonaws.com/photos/619729117/original.jpg,https://inaturalist-open-data.s3.amazonaws.com/photos/619729135/original.jpg,https://inaturalist-open-data.s3.amazonaws.com/photos/619751057/original.jpg,https://inaturalist-open-data.s3.amazonaws.com/photos/619674889/original.jpg,https://inaturalist-open-data.s3.amazonaws.com/photos/619653213/original.jpg,https://inaturalist-open-data.s3.amazonaws.com/photos/619530439/original.jpg,https://inaturalist-open-data.s3.amazonaws.com/photos/619528959/original.jpg"
Spider Plant,"https://inaturalist-open-data.s3.amazonaws.com/photos/619853520/original.jpg,https://inaturalist-open-data.s3.amazonaws.com/photos/619853007/original.jpg,https://inaturalist-open-data.s3.amazonaws.com/photos/619855064/original.jpg,https://inaturalist-open-data.s3.amazonaws.com/photos/619821066/original.jpg,https://inaturalist-open-data.s3.amazonaws.com/photos/619821093/original.jpg,https://inaturalist-open-data.s3.amazonaws.com/photos/619794901/original.jpg"
Parsley,"https://inaturalist-open-data.s3.amazonaws.com/photos/619884034/original.jpg,https://inaturalist-open-data.s3.amazonaws.com/photos/619884116/original.jpg,https://inaturalist-open-data.s3.amazonaws.com/photos/619884109/original.jpg,https://inaturalist-open-data.s3.amazonaws.com/photos/619908390/original.jpg,https://inaturalist-open-data.s3.amazonaws.com/photos/619900074/original.jpg,https://inaturalist-open-data.s3.amazonaws.com/photos/619900107/original.jpg,https://inaturalist-open-data.s3.amazonaws.com/photos/619900150/original.jpg,https://inaturalist-open-data.s3.amazonaws.com/photos/619899135/original.jpg,https://inaturalist-open-data.s3.amazonaws.com/photos/619899009/original.jpg"
Fern (Boston),"https://inaturalist-open-data.s3.amazonaws.com/photos/619900012/original.jpg,https://inaturalist-open-data.s3.amazonaws.com/photos/619900589/original.jpg,https://inaturalist-open-data.s3.amazonaws.com/photos/619900623/original.jpg,https://inaturalist-open-data.s3.amazonaws.com/photos/619861409/original.jpg,https://inaturalist-open-data.s3.amazonaws.com/photos/619853712/original.jpg,https://static.inaturalist.org/photos/619842907/original.jpg,https://inaturalist-open-data.s3.amazonaws.com/photos/619819408/original.jpg"
Bamboo Palm,"https://inaturalist-open-data.s3.amazonaws.com/photos/619859114/original.jpg,https://inaturalist-open-data.s3.amazonaws.com/photos/619854082/original.jpg,https://inaturalist-open-data.s3.amazonaws.com/photos/619803759/original.jpg,https://inaturalist-open-data.s3.amazonaws.com/photos/619795163/original.jpg,https://inaturalist-open-data.s3.amazonaws.com/photos/619795007/original.jpg"
Money Plant,"https://inaturalist-open-data.s3.amazonaws.com/photos/619884486/original.jpg,https://inaturalist-open-data.s3.amazonaws.com/photos/619863512/original.jpg,https://inaturalist-open-data.s3.amazonaws.com/photos/619853363/original.jpg,https://static.inaturalist.org/photos/619845348/original.jpg,https://inaturalist-open-data.s3.amazonaws.com/photos/619809604/original.jpg,https://inaturalist-open-data.s3.amazonaws.com/photos/619809687/original.jpg"
Jade Plant,"https://inaturalist-open-data.s3.amazonaws.com/photos/619890687/original.jpg,https://inaturalist-open-data.s3.amazonaws.com/photos/619868278/original.jpg,https://static.inaturalist.org/photos/619832898/original.jpg,https://static.inaturalist.org/photos/619832908/original.jpg,https://static.inaturalist.org/photos/619832918/original.jpg,https://static.inaturalist.org/photos/619791838/original.jpg,https://static.inaturalist.org/photos/619784621/original.jpg,https://static.inaturalist.org/photos/619784629/original.jpg,https://static.inaturalist.org/photos/619784640/original.jpg"
Orchids,"https://inaturalist-open-data.s3.amazonaws.com/photos/619910581/original.jpg,https://inaturalist-open-data.s3.amazonaws.com/photos/619908633/original.jpg,https://inaturalist-open-data.s3.amazonaws.com/photos/619908204/original.jpg,https://inaturalist-open-data.s3.amazonaws.com/photos/619911545/original.jpg,https://inaturalist-open-data.s3.amazonaws.com/photos/619911587/original.jpg,https://inaturalist-open-data.s3.amazonaws.com/photos/619909335/original.jpg,https://inaturalist-open-data.s3.amazonaws.com/photos/619909332/original.jpg,https://inaturalist-open-data.s3.amazonaws.com/photos/619909838/original.jpg,https://inaturalist-open-data.s3.amazonaws.com/photos/619909839/original.jpg,https://inaturalist-open-data.s3.amazonaws.com/photos/619909858/original.jpg,https://inaturalist-open-data.s3.amazonaws.com/photos/619909866/original.jpg,https://inaturalist-open-data.s3.amazonaws.com/photos/619909869/original.jpg,https://inaturalist-open-data.s3.amazonaws.com/photos/619909893/original.jpg"
Cilantro,"https://inaturalist-open-data.s3.amazonaws.com/photos/619843953/original.jpg,https://inaturalist-open-data.s3.amazonaws.com/photos/619843960/original.jpg,https://inaturalist-open-data.s3.amazonaws.com/photos/619843728/original.jpg,https://inaturalist-open-data.s3.amazonaws.com/photos/619843710/original.jpg,https://inaturalist-open-data.s3.amazonaws.com/photos/619842644/original.jpg,https://inaturalist-open-data.s3.amazonaws.com/photos/619842654/original.jpg,https://inaturalist-open-data.s3.amazonaws.com/photos/619842623/original.jpg,https://inaturalist-open-data.s3.amazonaws.com/photos/619842679/original.jpg,https://inaturalist-open-data.s3.amazonaws.com/photos/619842718/original.jpg,https://inaturalist-open-data.s3.amazonaws.com/photos/619842721/original.jpg,https://inaturalist-open-data.s3.amazonaws.com/photos/619842642/original.jpg,https://inaturalist-open-data.s3.amazonaws.com/photos/619842677/original.jpg,https://inaturalist-open-data.s3.amazonaws.com/photos/619842725/original.jpg,https://inaturalist-open-data.s3.amazonaws.com/photos/619842710/original.jpg,https://inaturalist-open-data.s3.amazonaws.com/photos/619842713/original.jpg,https://inaturalist-open-data.s3.amazonaws.com/photos/619842727/original.jpg,https://inaturalist-open-data.s3.amazonaws.com/photos/619841633/original.jpg,https://inaturalist-open-data.s3.amazonaws.com/photos/619842874/original.jpg,https://inaturalist-open-data.s3.amazonaws.com/photos/619834952/original.jpg"
Dill,"https://inaturalist-open-data.s3.amazonaws.com/photos/619804439/original.jpg,https://inaturalist-open-data.s3.amazonaws.com/photos/619599426/original.jpg,https://inaturalist-open-data.s3.amazonaws.com/photos/619599432/original.jpg,https://inaturalist-open-data.s3.amazonaws.com/photos/619599434/original.jpg,https://inaturalist-open-data.s3.amazonaws.com/photos/619599436/original.jpg,https://inaturalist-open-data.s3.amazonaws.com/photos/619599440/original.jpg,https://inaturalist-open-data.s3.amazonaws.com/photos/619541924/original.jpg,https://static.inaturalist.org/photos/619459995/original.jpg,https://static.inaturalist.org/photos/619171456/original.jpg"
Chives,"https://inaturalist-open-data.s3.amazonaws.com/photos/619910211/original.jpg,https://inaturalist-open-data.s3.amazonaws.com/photos/619910071/original.jpg,https://inaturalist-open-data.s3.amazonaws.com/photos/619910113/original.jpg,https://inaturalist-open-data.s3.amazonaws.com/photos/619910257/original.jpg,https://inaturalist-open-data.s3.amazonaws.com/photos/619910363/original.jpg,https://inaturalist-open-data.s3.amazonaws.com/photos/619910446/original.jpg,https://inaturalist-open-data.s3.amazonaws.com/photos/619910474/original.jpg,https://inaturalist-open-data.s3.amazonaws.com/photos/619910569/original.jpg,https://inaturalist-open-data.s3.amazonaws.com/photos/619851189/original.jpg,https://inaturalist-open-data.s3.amazonaws.com/photos/619761693/original.jpg,https://inaturalist-open-data.s3.amazonaws.com/photos/619761697/original.jpg,https://inaturalist-open-data.s3.amazonaws.com/photos/619761692/original.jpg,https://inaturalist-open-data.s3.amazonaws.com/photos/619733972/original.jpg,https://inaturalist-open-data.s3.amazonaws.com/photos/619733993/original.jpg,https://inaturalist-open-data.s3.amazonaws.com/photos/619480584/original.jpg,https://inaturalist-open-data.s3.amazonaws.com/photos/619480603/original.jpg,https://inaturalist-open-data.s3.amazonaws.com/photos/619480591/original.jpg,https://inaturalist-open-data.s3.amazonaws.com/photos/619480611/original.jpg"
Oregano,"https://static.inaturalist.org/photos/619879299/original.jpg,https://inaturalist-open-data.s3.amazonaws.com/photos/619875735/original.jpg,https://inaturalist-open-data.s3.amazonaws.com/photos/619875755/original.jpg,https://inaturalist-open-data.s3.amazonaws.com/photos/619870372/original.jpg,https://inaturalist-open-data.s3.amazonaws.com/photos/619870400/original.jpg,https://inaturalist-open-data.s3.amazonaws.com/photos/619870416/original.jpg,https://inaturalist-open-data.s3.amazonaws.com/photos/619867507/original.jpg,https://inaturalist-open-data.s3.amazonaws.com/photos/619849719/original.jpg,https://inaturalist-open-data.s3.amazonaws.com/photos/619849858/original.jpg,https://inaturalist-open-data.s3.amazonaws.com/photos/619849934/original.jpg"
Pothos,"https://inaturalist-open-data.s3.amazonaws.com/photos/619884486/original.jpg,https://inaturalist-open-data.s3.amazonaws.com/photos/619863512/original.jpg,https://inaturalist-open-data.s3.amazonaws.com/photos/619853363/original.jpg,https://static.inaturalist.org/photos/619845348/original.jpg,https://static.inaturalist.org/photos/619817000/original.jpg"
Rubber Plant,"https://inaturalist-open-data.s3.amazonaws.com/photos/619862939/original.jpg,https://static.inaturalist.org/photos/619852493/original.jpg,https://static.inaturalist.org/photos/619846861/original.jpg,https://inaturalist-open-data.s3.amazonaws.com/photos/619792597/original.jpg,https://inaturalist-open-data.s3.amazonaws.com/photos/619795206/original.jpg"
Bougainvillea,"https://inaturalist-open-data.s3.amazonaws.com/photos/619895146/original.jpg,https://inaturalist-open-data.s3.amazonaws.com/photos/619879523/original.jpg,https://static.inaturalist.org/photos/619879219/original.jpg,https://static.inaturalist.org/photos/619879251/original.jpg,https://inaturalist-open-data.s3.amazonaws.com/photos/619873159/original.jpg,https://static.inaturalist.org/photos/619865957/original.jpg"
Fiddle Leaf Fig,"https://inaturalist-open-data.s3.amazonaws.com/photos/619872812/original.jpg,https://inaturalist-open-data.s3.amazonaws.com/photos/619716038/original.jpg,https://inaturalist-open-data.s3.amazonaws.com/photos/619697418/original.jpg,https://inaturalist-open-data.s3.amazonaws.com/photos/619697496/original.jpg,https://inaturalist-open-data.s3.amazonaws.com/photos/619614046/original.jpg,https://inaturalist-open-data.s3.amazonaws.com/photos/619541207/original.jpg,https://inaturalist-open-data.s3.amazonaws.com/photos/619541216/original.jpg"
Sage,"https://inaturalist-open-data.s3.amazonaws.com/photos/619912738/original.jpg,https://inaturalist-open-data.s3.amazonaws.com/photos/619912226/original.jpg,https://static.inaturalist.org/photos/619911954/original.jpg,https://inaturalist-open-data.s3.amazonaws.com/photos/619911717/original.jpg,https://inaturalist-open-data.s3.amazonaws.com/photos/619911270/original.jpg"
Cosmos,"https://static.inaturalist.org/photos/619912208/original.jpg,https://static.inaturalist.org/photos/619912237/original.jpg,https://static.inaturalist.org/photos/619912293/original.jpg,https://inaturalist-open-data.s3.amazonaws.com/photos/619900455/original.jpg,https://inaturalist-open-data.s3.amazonaws.com/photos/619879114/original.jpg,https://inaturalist-open-data.s3.amazonaws.com/photos/619880210/original.jpg,https://inaturalist-open-data.s3.amazonaws.com/photos/619876853/original.jpg"
Geranium,"https://inaturalist-open-data.s3.amazonaws.com/photos/619912858/original.jpg,https://inaturalist-open-data.s3.amazonaws.com/photos/619912811/original.jpg,https://inaturalist-open-data.s3.amazonaws.com/photos/619911543/original.jpg,https://inaturalist-open-data.s3.amazonaws.com/photos/619911035/original.jpg,https://inaturalist-open-data.s3.amazonaws.com/photos/619911079/original.jpg,https://inaturalist-open-data.s3.amazonaws.com/photos/619911117/original.jpg,https://inaturalist-open-data.s3.amazonaws.com/photos/619702159/original.jpg,https://inaturalist-open-data.s3.amazonaws.com/photos/619702185/original.jpg,https://inaturalist-open-data.s3.amazonaws.com/photos/619909650/original.jpg"
Marigold,"https://inaturalist-open-data.s3.amazonaws.com/photos/619911096/original.jpg,https://inaturalist-open-data.s3.amazonaws.com/photos/619911177/original.jpg,https://inaturalist-open-data.s3.amazonaws.com/photos/619911255/original.jpg,https://inaturalist-open-data.s3.amazonaws.com/photos/619911327/original.jpg,https://static.inaturalist.org/photos/619903099/original.jpg,https://inaturalist-open-data.s3.amazonaws.com/photos/619907123/original.jpg,https://inaturalist-open-data.s3.amazonaws.com/photos/619906517/original.jpg,https://inaturalist-open-data.s3.amazonaws.com/photos/619905303/original.jpg"
Zinnia,"https://static.inaturalist.org/photos/619884596/original.jpg,https://inaturalist-open-data.s3.amazonaws.com/photos/619871668/original.jpg,https://inaturalist-open-data.s3.amazonaws.com/photos/619871871/original.jpg,https://inaturalist-open-data.s3.amazonaws.com/photos/619872035/original.jpg,https://static.inaturalist.org/photos/619865872/original.jpg,https://inaturalist-open-data.s3.amazonaws.com/photos/619863573/original.jpg,https://inaturalist-open-data.s3.amazonaws.com/photos/619852351/original.jpg"
Hibiscus,"https://inaturalist-open-data.s3.amazonaws.com/photos/619910958/original.jpg,https://inaturalist-open-data.s3.amazonaws.com/photos/619908619/original.jpg,https://static.inaturalist.org/photos/619898552/original.jpg,https://inaturalist-open-data.s3.amazonaws.com/photos/619893772/original.jpg,https://inaturalist-open-data.s3.amazonaws.com/photos/619893767/original.jpg,https://inaturalist-open-data.s3.amazonaws.com/photos/619893775/original.jpg,https://inaturalist-open-data.s3.amazonaws.com/photos/619893773/original.jpg,https://inaturalist-open-data.s3.amazonaws.com/photos/619893776/original.jpg,https://inaturalist-open-data.s3.amazonaws.com/photos/619893777/original.jpg,https://static.inaturalist.org/photos/619893038/original.jpg"
Begonia,"https://inaturalist-open-data.s3.amazonaws.com/photos/619899714/original.jpg,https://inaturalist-open-data.s3.amazonaws.com/photos/619899225/original.jpg,https://inaturalist-open-data.s3.amazonaws.com/photos/619899269/original.jpg,https://inaturalist-open-data.s3.amazonaws.com/photos/619897657/original.jpg,https://inaturalist-open-data.s3.amazonaws.com/photos/619888880/original.jpg,https://inaturalist-open-data.s3.amazonaws.com/photos/619864838/original.jpg"
Chrysanthemum,"https://inaturalist-open-data.s3.amazonaws.com/photos/619909673/original.jpg,https://static.inaturalist.org/photos/619903099/original.jpg,https://static.inaturalist.org/photos/619898922/original.jpg,https://static.inaturalist.org/photos/619898924/original.jpg,https://static.inaturalist.org/photos/619898926/original.jpg,https://static.inaturalist.org/photos/619898931/original.jpg,https://static.inaturalist.org/photos/619898934/original.jpg,https://inaturalist-open-data.s3.amazonaws.com/photos/619894719/original.jpg,https://inaturalist-open-data.s3.amazonaws.com/photos/619878596/original.jpg"
Daffodil,"https://inaturalist-open-data.s3.amazonaws.com/photos/619912378/original.jpg,https://inaturalist-open-data.s3.amazonaws.com/photos/619912309/original.jpg,https://inaturalist-open-data.s3.amazonaws.com/photos/619911408/original.jpg,https://inaturalist-open-data.s3.amazonaws.com/photos/619909134/original.jpg,https://static.inaturalist.org/photos/619906501/original.jpg,https://inaturalist-open-data.s3.amazonaws.com/photos/619903720/original.jpg"
Sunflower,"https://inaturalist-open-data.s3.amazonaws.com/photos/619912547/original.jpg,https://inaturalist-open-data.s3.amazonaws.com/photos/619912539/original.jpg,https://inaturalist-open-data.s3.amazonaws.com/photos/619912557/original.jpg,https://inaturalist-open-data.s3.amazonaws.com/photos/619912554/original.jpg,https://inaturalist-open-data.s3.amazonaws.com/photos/619912561/original.jpg,https://inaturalist-open-data.s3.amazonaws.com/photos/619912555/original.jpg,https://inaturalist-open-data.s3.amazonaws.com/photos/619912542/original.jpg,https://inaturalist-open-data.s3.amazonaws.com/photos/619910911/original.jpg,https://inaturalist-open-data.s3.amazonaws.com/photos/619910905/original.jpg,https://inaturalist-open-data.s3.amazonaws.com/photos/619910892/original.jpg,https://inaturalist-open-data.s3.amazonaws.com/photos/619910907/original.jpg,https://inaturalist-open-data.s3.amazonaws.com/photos/619910896/original.jpg,https://inaturalist-open-data.s3.amazonaws.com/photos/619910894/original.jpg,https://inaturalist-open-data.s3.amazonaws.com/photos/619908171/original.jpg,https://inaturalist-open-data.s3.amazonaws.com/photos/619904106/original.jpg,https://inaturalist-open-data.s3.amazonaws.com/photos/619897356/original.jpg"
Tulip,"https://static.inaturalist.org/photos/619904206/original.jpg,https://inaturalist-open-data.s3.amazonaws.com/photos/619899642/original.jpg,https://inaturalist-open-data.s3.amazonaws.com/photos/619912916/original.jpg,https://inaturalist-open-data.s3.amazonaws.com/photos/619913133/original.jpg,https://inaturalist-open-data.s3.amazonaws.com/photos/619896650/original.jpg,https://inaturalist-open-data.s3.amazonaws.com/photos/619894535/original.jpg,https://inaturalist-open-data.s3.amazonaws.com/photos/619894645/original.jpg"
Peony,"https://inaturalist-open-data.s3.amazonaws.com/photos/619889192/original.jpg,https://inaturalist-open-data.s3.amazonaws.com/photos/619775056/original.jpg,https://static.inaturalist.org/photos/619756156/original.jpg,https://inaturalist-open-data.s3.amazonaws.com/photos/619464041/original.jpg,https://inaturalist-open-data.s3.amazonaws.com/photos/619463947/original.jpg,https://inaturalist-open-data.s3.amazonaws.com/photos/619464002/original.jpg"
Jasmine,"https://inaturalist-open-data.s3.amazonaws.com/photos/619907866/original.jpg,https://inaturalist-open-data.s3.amazonaws.com/photos/619906600/original.jpg,https://inaturalist-open-data.s3.amazonaws.com/photos/619906598/original.jpg,https://static.inaturalist.org/photos/619905463/original.jpg,https://static.inaturalist.org/photos/619905468/original.jpg,https://static.inaturalist.org/photos/619905473/original.jpg,https://static.inaturalist.org/photos/619905479/original.jpg,https://inaturalist-open-data.s3.amazonaws.com/photos/619903318/original.jpg,https://inaturalist-open-data.s3.amazonaws.com/photos/619903342/original.jpg,https://inaturalist-open-data.s3.amazonaws.com/photos/619903372/original.jpg,https://inaturalist-open-data.s3.amazonaws.com/photos/619901080/original.jpg,https://inaturalist-open-data.s3.amazonaws.com/photos/619902864/original.jpg"
Ivy,"https://inaturalist-open-data.s3.amazonaws.com/photos/619908139/original.jpg,https://inaturalist-open-data.s3.amazonaws.com/photos/619912220/original.jpg,https://inaturalist-open-data.s3.amazonaws.com/photos/619910300/original.jpg,https://inaturalist-open-data.s3.amazonaws.com/photos/619891019/original.jpg,https://inaturalist-open-data.s3.amazonaws.com/photos/619890808/original.jpg,https://inaturalist-open-data.s3.amazonaws.com/photos/619890810/original.jpg,https://inaturalist-open-data.s3.amazonaws.com/photos/619907709/original.jpg"
Nasturtium,"https://static.inaturalist.org/photos/619913129/original.jpg,https://inaturalist-open-data.s3.amazonaws.com/photos/619912490/original.jpg,https://inaturalist-open-data.s3.amazonaws.com/photos/619912024/original.jpg,https://static.inaturalist.org/photos/619912091/original.jpg,https://static.inaturalist.org/photos/619912118/original.jpg,https://static.inaturalist.org/photos/619912142/original.jpg,https://static.inaturalist.org/photos/619912164/original.jpg,https://static.inaturalist.org/photos/619912190/original.jpg,https://static.inaturalist.org/photos/619912219/original.jpg,https://static.inaturalist.org/photos/619912246/original.jpg,https://inaturalist-open-data.s3.amazonaws.com/photos/619903370/original.jpg,https://inaturalist-open-data.s3.amazonaws.com/photos/619903381/original.jpg"
Petunia,"https://inaturalist-open-data.s3.amazonaws.com/photos/619874527/original.jpg,https://inaturalist-open-data.s3.amazonaws.com/photos/619858756/original.jpg,https://inaturalist-open-data.s3.amazonaws.com/photos/619854529/original.jpg,https://inaturalist-open-data.s3.amazonaws.com/photos/619850912/original.jpg,https://inaturalist-open-data.s3.amazonaws.com/photos/619850877/original.jpg"
Carnation,"https://inaturalist-open-data.s3.amazonaws.com/photos/619908836/original.jpg,https://static.inaturalist.org/photos/619901515/original.jpg,https://static.inaturalist.org/photos/619901519/original.jpg,https://inaturalist-open-data.s3.amazonaws.com/photos/619548728/original.jpg,https://inaturalist-open-data.s3.amazonaws.com/photos/619548483/original.jpg,https://inaturalist-open-data.s3.amazonaws.com/photos/619548456/original.jpg,https://inaturalist-open-data.s3.amazonaws.com/photos/619548387/original.jpg,https://inaturalist-open-data.s3.amazonaws.com/photos/619548300/original.jpg,https://inaturalist-open-data.s3.amazonaws.com/photos/619548490/original.jpg,https://inaturalist-open-data.s3.amazonaws.com/photos/619879611/original.jpg,https://inaturalist-open-data.s3.amazonaws.com/photos/619879646/original.jpg,https://inaturalist-open-data.s3.amazonaws.com/photos/619878098/original.jpg"
Snapdragon,"https://static.inaturalist.org/photos/619913055/original.jpg,https://static.inaturalist.org/photos/619913071/original.jpg,https://static.inaturalist.org/photos/619913088/original.jpg,https://inaturalist-open-data.s3.amazonaws.com/photos/619911544/original.jpg,https://inaturalist-open-data.s3.amazonaws.com/photos/619910298/original.jpg,https://inaturalist-open-data.s3.amazonaws.com/photos/619906832/original.jpg,https://inaturalist-open-data.s3.amazonaws.com/photos/619898112/original.jpg"
Pansy,"https://inaturalist-open-data.s3.amazonaws.com/photos/619912631/original.jpg,https://inaturalist-open-data.s3.amazonaws.com/photos/619912656/original.jpg,https://inaturalist-open-data.s3.amazonaws.com/photos/619912679/original.jpg,https://inaturalist-open-data.s3.amazonaws.com/photos/619911761/original.jpg,https://inaturalist-open-data.s3.amazonaws.com/photos/619909057/original.jpg,https://inaturalist-open-data.s3.amazonaws.com/photos/619909081/original.jpg,https://inaturalist-open-data.s3.amazonaws.com/photos/619906445/original.jpg,https://static.inaturalist.org/photos/619906247/original.jpg,https://static.inaturalist.org/photos/619906295/original.jpg,https://static.inaturalist.org/photos/619906338/original.jpg"
Sweet Pea,"https://inaturalist-open-data.s3.amazonaws.com/photos/619895431/original.jpg,https://inaturalist-open-data.s3.amazonaws.com/photos/619580623/original.jpg,https://inaturalist-open-data.s3.amazonaws.com/photos/619580663/original.jpg,https://inaturalist-open-data.s3.amazonaws.com/photos/619868254/original.jpg,https://inaturalist-open-data.s3.amazonaws.com/photos/619841380/original.jpg,https://inaturalist-open-data.s3.amazonaws.com/photos/619832802/original.jpg"
Morning Glory,"https://inaturalist-open-data.s3.amazonaws.com/photos/619909901/original.jpg,https://inaturalist-open-data.s3.amazonaws.com/photos/619904921/original.jpg,https://inaturalist-open-data.s3.amazonaws.com/photos/619904097/original.jpg,https://static.inaturalist.org/photos/619901711/original.jpg,https://static.inaturalist.org/photos/619901733/original.jpg,https://inaturalist-open-data.s3.amazonaws.com/photos/619897830/original.jpg"
Verbena,"https://inaturalist-open-data.s3.amazonaws.com/photos/619911731/original.jpg,https://inaturalist-open-data.s3.amazonaws.com/photos/619912005/original.jpg,https://inaturalist-open-data.s3.amazonaws.com/photos/619912047/original.jpg,https://inaturalist-open-data.s3.amazonaws.com/photos/619912057/original.jpg,https://inaturalist-open-data.s3.amazonaws.com/photos/619908556/original.jpg,https://inaturalist-open-data.s3.amazonaws.com/photos/619904139/original.jpg,https://inaturalist-open-data.s3.amazonaws.com/photos/619904137/original.jpg,https://inaturalist-open-data.s3.amazonaws.com/photos/619907174/original.jpg,https://inaturalist-open-data.s3.amazonaws.com/photos/619906361/original.jpg,https://inaturalist-open-data.s3.amazonaws.com/photos/619906414/original.jpg,https://inaturalist-open-data.s3.amazonaws.com/photos/619906475/original.jpg,https://inaturalist-open-data.s3.amazonaws.com/photos/619906525/original.jpg"
Gerbera Daisy,"https://inaturalist-open-data.s3.amazonaws.com/photos/619662044/original.jpg,https://inaturalist-open-data.s3.amazonaws.com/photos/619548695/original.jpg,https://inaturalist-open-data.s3.amazonaws.com/photos/619496600/original.jpg,https://inaturalist-open-data.s3.amazonaws.com/photos/619423836/original.jpg,https://static.inaturalist.org/photos/619200971/original.jpg"
Anemone,"https://inaturalist-open-data.s3.amazonaws.com/photos/619912151/original.jpg,https://inaturalist-open-data.s3.amazonaws.com/photos/619912133/original.jpg,https://inaturalist-open-data.s3.amazonaws.com/photos/619913367/original.jpg,https://inaturalist-open-data.s3.amazonaws.com/photos/619913397/original.jpg,https://inaturalist-open-data.s3.amazonaws.com/photos/619913415/original.jpg,https://inaturalist-open-data.s3.amazonaws.com/photos/619910170/original.jpg,https://inaturalist-open-data.s3.amazonaws.com/photos/619910176/original.jpg,https://static.inaturalist.org/photos/619913095/original.jpg,https://inaturalist-open-data.s3.amazonaws.com/photos/619908282/original.jpg"
Hyacinth,"https://inaturalist-open-data.s3.amazonaws.com/photos/619886445/original.jpg,https://inaturalist-open-data.s3.amazonaws.com/photos/619886506/original.jpg,https://static.inaturalist.org/photos/619911866/original.jpg,https://static.inaturalist.org/photos/619911494/original.jpg,https://static.inaturalist.org/photos/619911521/original.jpg,https://inaturalist-open-data.s3.amazonaws.com/photos/619910540/original.jpg,https://inaturalist-open-data.s3.amazonaws.com/photos/619913091/original.jpg,https://static.inaturalist.org/photos/619911024/original.jpg,https://static.inaturalist.org/photos/619911043/original.jpg"
Crocus,"https://inaturalist-open-data.s3.amazonaws.com/photos/619913357/original.jpg,https://inaturalist-open-data.s3.amazonaws.com/photos/619913371/original.jpg,https://inaturalist-open-data.s3.amazonaws.com/photos/619909685/original.jpg,https://inaturalist-open-data.s3.amazonaws.com/photos/619909702/original.jpg,https://inaturalist-open-data.s3.amazonaws.com/photos/619909714/original.jpg,https://inaturalist-open-data.s3.amazonaws.com/photos/619912010/original.jpg,https://static.inaturalist.org/photos/619908849/original.jpg,https://static.inaturalist.org/photos/619908883/original.jpg,https://static.inaturalist.org/photos/619908905/original.jpg,https://inaturalist-open-data.s3.amazonaws.com/photos/619908594/original.jpg"
Dandelion,"https://inaturalist-open-data.s3.amazonaws.com/photos/619914132/original.jpg,https://inaturalist-open-data.s3.amazonaws.com/photos/619914157/original.jpg,https://inaturalist-open-data.s3.amazonaws.com/photos/619912658/original.jpg,https://inaturalist-open-data.s3.amazonaws.com/photos/619912659/original.jpg,https://inaturalist-open-data.s3.amazonaws.com/photos/619912478/original.jpg,https://static.inaturalist.org/photos/619909306/original.jpg,https://static.inaturalist.org/photos/619909343/original.jpg,https://static.inaturalist.org/photos/619909380/original.jpg,https://inaturalist-open-data.s3.amazonaws.com/photos/619908518/original.jpg"
Foxglove,"https://inaturalist-open-data.s3.amazonaws.com/photos/619882218/original.jpg,https://inaturalist-open-data.s3.amazonaws.com/photos/619899993/original.jpg,https://inaturalist-open-data.s3.amazonaws.com/photos/619896258/original.jpg,https://inaturalist-open-data.s3.amazonaws.com/photos/619890543/original.jpg,https://inaturalist-open-data.s3.amazonaws.com/photos/619890497/original.jpg,https://inaturalist-open-data.s3.amazonaws.com/photos/619890532/original.jpg,https://inaturalist-open-data.s3.amazonaws.com/photos/619878552/original.jpg"
Bluebell,"https://inaturalist-open-data.s3.amazonaws.com/photos/619886445/original.jpg,https://inaturalist-open-data.s3.amazonaws.com/photos/619886506/original.jpg,https://inaturalist-open-data.s3.amazonaws.com/photos/619892352/original.jpg,https://inaturalist-open-data.s3.amazonaws.com/photos/619898639/original.jpg,https://inaturalist-open-data.s3.amazonaws.com/photos/619894775/original.jpg,https://inaturalist-open-data.s3.amazonaws.com/photos/619887677/original.jpg,https://inaturalist-open-data.s3.amazonaws.com/photos/619887698/original.jpg,https://inaturalist-open-data.s3.amazonaws.com/photos/619887713/original.jpg,https://inaturalist-open-data.s3.amazonaws.com/photos/619887744/original.jpg,https://inaturalist-open-data.s3.amazonaws.com/photos/619887761/original.jpg,https://inaturalist-open-data.s3.amazonaws.com/photos/619887771/original.jpg,https://inaturalist-open-data.s3.amazonaws.com/photos/619887799/original.jpg,https://inaturalist-open-data.s3.amazonaws.com/photos/619887830/original.jpg,https://inaturalist-open-data.s3.amazonaws.com/photos/619887857/original.jpg"
Camellia,"https://static.inaturalist.org/photos/619913931/original.jpg,https://inaturalist-open-data.s3.amazonaws.com/photos/619912106/original.jpg,https://inaturalist-open-data.s3.amazonaws.com/photos/619911994/original.jpg,https://inaturalist-open-data.s3.amazonaws.com/photos/619909232/original.jpg,https://inaturalist-open-data.s3.amazonaws.com/photos/619901939/original.jpg,https://inaturalist-open-data.s3.amazonaws.com/photos/619902056/original.jpg"
Poppy,"https://static.inaturalist.org/photos/619912746/original.jpg,https://static.inaturalist.org/photos/619912770/original.jpg,https://static.inaturalist.org/photos/619912791/original.jpg,https://inaturalist-open-data.s3.amazonaws.com/photos/619911813/original.jpg,https://static.inaturalist.org/photos/619911679/original.jpg,https://inaturalist-open-data.s3.amazonaws.com/photos/619911096/original.jpg,https://inaturalist-open-data.s3.amazonaws.com/photos/619911177/original.jpg,https://inaturalist-open-data.s3.amazonaws.com/photos/619911255/original.jpg,https://inaturalist-open-data.s3.amazonaws.com/photos/619911327/original.jpg,https://inaturalist-open-data.s3.amazonaws.com/photos/619910041/original.jpg,https://inaturalist-open-data.s3.amazonaws.com/photos/619910070/original.jpg,https://inaturalist-open-data.s3.amazonaws.com/photos/619910098/original.jpg"
Magnolia,"https://inaturalist-open-data.s3.amazonaws.com/photos/619913624/original.jpg,https://inaturalist-open-data.s3.amazonaws.com/photos/619913534/original.jpg,https://inaturalist-open-data.s3.amazonaws.com/photos/619913538/original.jpg,https://inaturalist-open-data.s3.amazonaws.com/photos/619913541/original.jpg,https://inaturalist-open-data.s3.amazonaws.com/photos/619913349/original.jpg,https://inaturalist-open-data.s3.amazonaws.com/photos/619913000/original.jpg,https://inaturalist-open-data.s3.amazonaws.com/photos/619913003/original.jpg"
Holly,"https://static.inaturalist.org/photos/619914209/original.jpg,https://inaturalist-open-data.s3.amazonaws.com/photos/619913611/original.jpg,https://static.inaturalist.org/photos/619913197/original.jpg,https://inaturalist-open-data.s3.amazonaws.com/photos/619886509/original.jpg,https://inaturalist-open-data.s3.amazonaws.com/photos/619886509/original.jpg"
Gardenia,"https://inaturalist-open-data.s3.amazonaws.com/photos/619896755/original.jpg,https://inaturalist-open-data.s3.amazonaws.com/photos/619856770/original.jpg,https://inaturalist-open-data.s3.amazonaws.com/photos/619848469/original.jpg,https://inaturalist-open-data.s3.amazonaws.com/photos/619848495/original.jpg,https://inaturalist-open-data.s3.amazonaws.com/photos/619848508/original.jpg,https://inaturalist-open-data.s3.amazonaws.com/photos/619848537/original.jpg,https://inaturalist-open-data.s3.amazonaws.com/photos/619848559/original.jpg,https://inaturalist-open-data.s3.amazonaws.com/photos/619848594/original.jpg,https://inaturalist-open-data.s3.amazonaws.com/photos/619848638/original.jpg,https://inaturalist-open-data.s3.amazonaws.com/photos/619848658/original.jpg,https://inaturalist-open-data.s3.amazonaws.com/photos/619848688/original.jpg,https://inaturalist-open-data.s3.amazonaws.com/photos/619848717/original.jpg,https://inaturalist-open-data.s3.amazonaws.com/photos/619848754/original.jpg,https://inaturalist-open-data.s3.amazonaws.com/photos/619848797/original.jpg,https://inaturalist-open-data.s3.amazonaws.com/photos/619848826/original.jpg,https://inaturalist-open-data.s3.amazonaws.com/photos/619848844/original.jpg,https://inaturalist-open-data.s3.amazonaws.com/photos/619848865/original.jpg,https://inaturalist-open-data.s3.amazonaws.com/photos/619847743/original.jpg,https://inaturalist-open-data.s3.amazonaws.com/photos/619847764/original.jpg,https://inaturalist-open-data.s3.amazonaws.com/photos/619847781/original.jpg,https://inaturalist-open-data.s3.amazonaws.com/photos/619820992/original.jpg"
Azalea,"https://static.inaturalist.org/photos/619913074/original.jpg,https://static.inaturalist.org/photos/619913098/original.jpg,https://static.inaturalist.org/photos/619913115/original.jpg,https://static.inaturalist.org/photos/619910100/original.jpg,https://inaturalist-open-data.s3.amazonaws.com/photos/619902924/original.jpg,https://inaturalist-open-data.s3.amazonaws.com/photos/619902913/original.jpg,https://inaturalist-open-data.s3.amazonaws.com/photos/619902967/original.jpg,https://inaturalist-open-data.s3.amazonaws.com/photos/619902948/original.jpg,https://inaturalist-open-data.s3.amazonaws.com/photos/619902963/original.jpg,https://inaturalist-open-data.s3.amazonaws.com/photos/619899033/original.jpg,https://static.inaturalist.org/photos/619898923/original.jpg,https://static.inaturalist.org/photos/619898944/original.jpg,https://static.inaturalist.org/photos/619898980/original.jpg"
Clivia,"https://static.inaturalist.org/photos/619754059/original.jpg,https://static.inaturalist.org/photos/619754085/original.jpg,https://inaturalist-open-data.s3.amazonaws.com/photos/619751393/original.jpg,https://inaturalist-open-data.s3.amazonaws.com/photos/619746903/original.jpg,https://inaturalist-open-data.s3.amazonaws.com/photos/619707642/original.jpg,https://static.inaturalist.org/photos/619711279/original.jpg"
Tulsi (Holy Basil),"https://migardener.com/cdn/shop/products/BAS15_17f5f6ed-dee4-4012-8e6e-dc8393243756_800x.jpg?v=1638906520,https://www.adaptiveseeds.com/wp-content/uploads/2016/01/basil-sacred-tulsi-4.jpg,https://www.plantgoodseed.com/cdn/shop/files/holybasilcollection-1_2048x.jpg?v=1685452513,https://media.post.rvohealth.io/wp-content/uploads/2020/09/1296x728_Holy_Basil-1200x628.jpg,https://seedsforgenerations.com/wp-content/uploads/sites/2/2021/01/Basil-Holy-Tulsi-20220913_160504-Square.jpg"
Canna Lily,"https://inaturalist-open-data.s3.amazonaws.com/photos/619850818/original.jpg,https://inaturalist-open-data.s3.amazonaws.com/photos/619779157/original.jpg,https://inaturalist-open-data.s3.amazonaws.com/photos/619758230/original.jpg,https://inaturalist-open-data.s3.amazonaws.com/photos/619758453/original.jpg,https://inaturalist-open-data.s3.amazonaws.com/photos/619758478/original.jpg,https://inaturalist-open-data.s3.amazonaws.com/photos/619758491/original.jpg,https://inaturalist-open-data.s3.amazonaws.com/photos/619758552/original.jpg,https://inaturalist-open-data.s3.amazonaws.com/photos/619758581/original.jpg,https://inaturalist-open-data.s3.amazonaws.com/photos/619758584/original.jpg,https://inaturalist-open-data.s3.amazonaws.com/photos/619758608/original.jpg,https://inaturalist-open-data.s3.amazonaws.com/photos/619758850/original.jpg,https://inaturalist-open-data.s3.amazonaws.com/photos/619744517/original.jpg,https://inaturalist-open-data.s3.amazonaws.com/photos/619744537/original.jpg,https://inaturalist-open-data.s3.amazonaws.com/photos/619744579/original.jpg,https://inaturalist-open-data.s3.amazonaws.com/photos/619744592/original.jpg,https://inaturalist-open-data.s3.amazonaws.com/photos/619744613/original.jpg,https://inaturalist-open-data.s3.amazonaws.com/photos/619728758/original.jpg"
Dahlia,"https://inaturalist-open-data.s3.amazonaws.com/photos/619911726/original.jpg,https://inaturalist-open-data.s3.amazonaws.com/photos/619911760/original.jpg,https://inaturalist-open-data.s3.amazonaws.com/photos/619911781/original.jpg,https://inaturalist-open-data.s3.amazonaws.com/photos/619911833/original.jpg,https://inaturalist-open-data.s3.amazonaws.com/photos/619882157/original.jpg,https://inaturalist-open-data.s3.amazonaws.com/photos/619878887/original.jpg,https://inaturalist-open-data.s3.amazonaws.com/photos/619836574/original.jpg,https://inaturalist-open-data.s3.amazonaws.com/photos/619783321/original.jpg"
Daisy,"https://inaturalist-open-data.s3.amazonaws.com/photos/619899499/original.jpg,https://inaturalist-open-data.s3.amazonaws.com/photos/619913890/original.jpg,https://inaturalist-open-data.s3.amazonaws.com/photos/619912547/original.jpg,https://inaturalist-open-data.s3.amazonaws.com/photos/619912539/original.jpg,https://inaturalist-open-data.s3.amazonaws.com/photos/619912557/original.jpg,https://inaturalist-open-data.s3.amazonaws.com/photos/619912554/original.jpg,https://inaturalist-open-data.s3.amazonaws.com/photos/619912561/original.jpg,https://inaturalist-open-data.s3.amazonaws.com/photos/619912555/original.jpg,https://inaturalist-open-data.s3.amazonaws.com/photos/619912542/original.jpg,https://static.inaturalist.org/photos/619909115/original.jpg,https://static.inaturalist.org/photos/619909110/original.jpg,https://static.inaturalist.org/photos/619910443/original.jpg,https://inaturalist-open-data.s3.amazonaws.com/photos/619911673/original.jpg"
Eucalyptus,"https://inaturalist-open-data.s3.amazonaws.com/photos/619907150/original.jpg,https://inaturalist-open-data.s3.amazonaws.com/photos/619904455/original.jpg,https://inaturalist-open-data.s3.amazonaws.com/photos/619887027/original.jpg,https://inaturalist-open-data.s3.amazonaws.com/photos/619903708/original.jpg,https://inaturalist-open-data.s3.amazonaws.com/photos/619852922/original.jpg,https://inaturalist-open-data.s3.amazonaws.com/photos/619852946/original.jpg,https://inaturalist-open-data.s3.amazonaws.com/photos/619852973/original.jpg,https://inaturalist-open-data.s3.amazonaws.com/photos/619852951/original.jpg,https://inaturalist-open-data.s3.amazonaws.com/photos/619852977/original.jpg,https://inaturalist-open-data.s3.amazonaws.com/photos/619852985/original.jpg,https://inaturalist-open-data.s3.amazonaws.com/photos/619853006/original.jpg"
Lotus,"https://inaturalist-open-data.s3.amazonaws.com/photos/619913279/original.jpg,https://inaturalist-open-data.s3.amazonaws.com/photos/619913426/original.jpg,https://inaturalist-open-data.s3.amazonaws.com/photos/619913554/original.jpg,https://inaturalist-open-data.s3.amazonaws.com/photos/619909643/original.jpg,https://inaturalist-open-data.s3.amazonaws.com/photos/619909671/original.jpg,https://inaturalist-open-data.s3.amazonaws.com/photos/619908018/original.jpg,https://inaturalist-open-data.s3.amazonaws.com/photos/619908057/original.jpg,https://inaturalist-open-data.s3.amazonaws.com/photos/619908085/original.jpg,https://inaturalist-open-data.s3.amazonaws.com/photos/619901518/original.jpg,https://inaturalist-open-data.s3.amazonaws.com/photos/619892427/original.jpg"
Bamboo,"https://inaturalist-open-data.s3.amazonaws.com/photos/619912819/original.jpg,https://inaturalist-open-data.s3.amazonaws.com/photos/619913224/original.jpg,https://inaturalist-open-data.s3.amazonaws.com/photos/619913262/original.jpg,https://inaturalist-open-data.s3.amazonaws.com/photos/619913283/original.jpg,https://inaturalist-open-data.s3.amazonaws.com/photos/619910854/original.jpg,https://inaturalist-open-data.s3.amazonaws.com/photos/619910932/original.jpg,https://static.inaturalist.org/photos/619910478/original.jpg,https://static.inaturalist.org/photos/619910514/original.jpg,https://static.inaturalist.org/photos/619910544/original.jpg,https://static.inaturalist.org/photos/619910576/original.jpg,https://inaturalist-open-data.s3.amazonaws.com/photos/619909471/original.jpg"
Orchid Cactus,"https://inaturalist-open-data.s3.amazonaws.com/photos/619304994/original.jpg,https://inaturalist-open-data.s3.amazonaws.com/photos/618611358/original.jpg,https://inaturalist-open-data.s3.amazonaws.com/photos/618445468/original.jpg,https://inaturalist-open-data.s3.amazonaws.com/photos/618389465/original.jpg,https://inaturalist-open-data.s3.amazonaws.com/photos/618389472/original.jpg,https://inaturalist-open-data.s3.amazonaws.com/photos/618389478/original.jpg,https://inaturalist-open-data.s3.amazonaws.com/photos/618389479/original.jpg,https://inaturalist-open-data.s3.amazonaws.com/photos/618389484/original.jpg,https://inaturalist-open-data.s3.amazonaws.com/photos/618370484/original.jpg"
Bromeliad,"https://static.inaturalist.org/photos/619912669/original.jpg,https://static.inaturalist.org/photos/619912696/original.jpg,https://inaturalist-open-data.s3.amazonaws.com/photos/619900365/original.jpg,https://inaturalist-open-data.s3.amazonaws.com/photos/619896981/original.jpg,https://inaturalist-open-data.s3.amazonaws.com/photos/619875475/original.jpg,https://inaturalist-open-data.s3.amazonaws.com/photos/619872628/original.jpg"
Succulent,"https://inaturalist-open-data.s3.amazonaws.com/photos/619871269/original.jpg,https://inaturalist-open-data.s3.amazonaws.com/photos/619694644/original.jpg,https://inaturalist-open-data.s3.amazonaws.com/photos/619694208/original.jpg,https://inaturalist-open-data.s3.amazonaws.com/photos/619694286/original.jpg,https://inaturalist-open-data.s3.amazonaws.com/photos/619694227/original.jpg,https://inaturalist-open-data.s3.amazonaws.com/photos/619694273/original.jpg,https://inaturalist-open-data.s3.amazonaws.com/photos/619694248/original.jpg,https://inaturalist-open-data.s3.amazonaws.com/photos/619694627/original.jpg,https://inaturalist-open-data.s3.amazonaws.com/photos/619683305/original.jpg,https://inaturalist-open-data.s3.amazonaws.com/photos/619683325/original.jpg,https://inaturalist-open-data.s3.amazonaws.com/photos/619683335/original.jpg,https://inaturalist-open-data.s3.amazonaws.com/photos/619683347/original.jpg,https://inaturalist-open-data.s3.amazonaws.com/photos/619683364/original.jpg,https://inaturalist-open-data.s3.amazonaws.com/photos/619505514/original.jpg,https://inaturalist-open-data.s3.amazonaws.com/photos/619505516/original.jpg,https://inaturalist-open-data.s3.amazonaws.com/photos/619505500/original.jpg,https://inaturalist-open-data.s3.amazonaws.com/photos/619435463/original.jpg"
Iris,"https://inaturalist-open-data.s3.amazonaws.com/photos/619910329/original.jpg,https://inaturalist-open-data.s3.amazonaws.com/photos/619912823/original.jpg,https://inaturalist-open-data.s3.amazonaws.com/photos/619912603/original.jpg,https://inaturalist-open-data.s3.amazonaws.com/photos/619885768/original.jpg,https://inaturalist-open-data.s3.amazonaws.com/photos/619885721/original.jpg"
Lotus Bamboo,"https://houseplantsny.com/cdn/shop/files/IMG_5680.jpg?v=1697681530&width=1946,https://encrypted-tbn0.gstatic.com/images?q=tbn:ANd9GcQa-gbD30GilfFrue2Y63JRDCgVCYQoGS1usA&s,https://www.chhajedgarden.com/cdn/shop/files/Indoor-Decorative-Lotus-Bamboo-10-20cm-Bonsai_512x683.jpg?v=1699445410,https://m.media-amazon.com/images/I/81ciLJ+nTOL.jpg,https://shop.banneechen.com.sg/cdn/shop/files/WhatsAppImage2025-01-06at4.55.47PM_2.jpg?v=1736308341"
Hosta,"https://inaturalist-open-data.s3.amazonaws.com/photos/619799603/original.jpg,https://inaturalist-open-data.s3.amazonaws.com/photos/619799725/original.jpg,https://inaturalist-open-data.s3.amazonaws.com/photos/619804411/original.jpg,https://inaturalist-open-data.s3.amazonaws.com/photos/619804497/original.jpg,https://static.inaturalist.org/photos/619753961/original.jpg,https://static.inaturalist.org/photos/619753972/original.jpg,https://static.inaturalist.org/photos/619753985/original.jpg,https://static.inaturalist.org/photos/619754001/original.jpg,https://static.inaturalist.org/photos/619754012/original.jpg,https://static.inaturalist.org/photos/619754024/original.jpg,https://static.inaturalist.org/photos/619754030/original.jpg,https://inaturalist-open-data.s3.amazonaws.com/photos/619693441/original.jpg,https://inaturalist-open-data.s3.amazonaws.com/photos/619604988/original.jpg,https://static.inaturalist.org/photos/619537238/original.jpg"
Echeveria,"https://static.inaturalist.org/photos/619908469/original.jpg,https://inaturalist-open-data.s3.amazonaws.com/photos/619879143/original.jpg,https://inaturalist-open-data.s3.amazonaws.com/photos/619872601/original.jpg,https://inaturalist-open-data.s3.amazonaws.com/photos/619848464/original.jpg,https://inaturalist-open-data.s3.amazonaws.com/photos/619848494/original.jpg,https://inaturalist-open-data.s3.amazonaws.com/photos/619848401/original.jpg,https://inaturalist-open-data.s3.amazonaws.com/photos/619848434/original.jpg"
Catmint,"https://inaturalist-open-data.s3.amazonaws.com/photos/619913694/original.jpg,https://inaturalist-open-data.s3.amazonaws.com/photos/619791647/original.jpg,https://inaturalist-open-data.s3.amazonaws.com/photos/619739915/original.jpg,https://inaturalist-open-data.s3.amazonaws.com/photos/619735924/original.jpg,https://inaturalist-open-data.s3.amazonaws.com/photos/619730333/original.jpg"
Coneflower,"https://inaturalist-open-data.s3.amazonaws.com/photos/619874574/original.jpg,https://inaturalist-open-data.s3.amazonaws.com/photos/619866821/original.jpg,https://inaturalist-open-data.s3.amazonaws.com/photos/619866827/original.jpg,https://inaturalist-open-data.s3.amazonaws.com/photos/619865131/original.jpg,https://inaturalist-open-data.s3.amazonaws.com/photos/619831659/original.jpg,https://inaturalist-open-data.s3.amazonaws.com/photos/619831681/original.jpg,https://inaturalist-open-data.s3.amazonaws.com/photos/619835915/original.jpg,https://inaturalist-open-data.s3.amazonaws.com/photos/619835953/original.jpg,https://inaturalist-open-data.s3.amazonaws.com/photos/619836031/original.jpg,https://inaturalist-open-data.s3.amazonaws.com/photos/619826596/original.jpg"
Lamb's Ear,"https://inaturalist-open-data.s3.amazonaws.com/photos/619821994/original.jpg,https://inaturalist-open-data.s3.amazonaws.com/photos/619367932/original.jpg,https://inaturalist-open-data.s3.amazonaws.com/photos/619367951/original.jpg,https://inaturalist-open-data.s3.amazonaws.com/photos/619086424/original.jpg,https://inaturalist-open-data.s3.amazonaws.com/photos/619000744/original.jpg,https://static.inaturalist.org/photos/618990489/original.jpg"
Fuchsia,"https://inaturalist-open-data.s3.amazonaws.com/photos/619904538/original.jpg,https://inaturalist-open-data.s3.amazonaws.com/photos/619904553/original.jpg,https://inaturalist-open-data.s3.amazonaws.com/photos/619903779/original.jpg,https://inaturalist-open-data.s3.amazonaws.com/photos/619903800/original.jpg,https://inaturalist-open-data.s3.amazonaws.com/photos/619899745/original.jpg,https://inaturalist-open-data.s3.amazonaws.com/photos/619880962/original.jpg,https://inaturalist-open-data.s3.amazonaws.com/photos/619872106/original.jpg"
Impatiens,"https://inaturalist-open-data.s3.amazonaws.com/photos/619899817/original.jpg,https://inaturalist-open-data.s3.amazonaws.com/photos/619899806/original.jpg,https://inaturalist-open-data.s3.amazonaws.com/photos/619902134/original.jpg,https://inaturalist-open-data.s3.amazonaws.com/photos/619900904/original.jpg,https://inaturalist-open-data.s3.amazonaws.com/photos/619900932/original.jpg,https://inaturalist-open-data.s3.amazonaws.com/photos/619899885/original.jpg,https://inaturalist-open-data.s3.amazonaws.com/photos/619893877/original.jpg"
Dianthus,"https://static.inaturalist.org/photos/619898906/original.jpg,https://static.inaturalist.org/photos/619898909/original.jpg,https://inaturalist-open-data.s3.amazonaws.com/photos/619879106/original.jpg,https://inaturalist-open-data.s3.amazonaws.com/photos/619878098/original.jpg,https://inaturalist-open-data.s3.amazonaws.com/photos/619872721/original.jpg,https://inaturalist-open-data.s3.amazonaws.com/photos/619872727/original.jpg,https://inaturalist-open-data.s3.amazonaws.com/photos/619872742/original.jpg,https://inaturalist-open-data.s3.amazonaws.com/photos/619872749/original.jpg,https://inaturalist-open-data.s3.amazonaws.com/photos/619866657/original.jpg"
Phlox,"https://inaturalist-open-data.s3.amazonaws.com/photos/619912137/original.jpg,https://inaturalist-open-data.s3.amazonaws.com/photos/619912163/original.jpg,https://inaturalist-open-data.s3.amazonaws.com/photos/619912184/original.jpg,https://inaturalist-open-data.s3.amazonaws.com/photos/619912205/original.jpg,https://inaturalist-open-data.s3.amazonaws.com/photos/619912238/original.jpg,https://inaturalist-open-data.s3.amazonaws.com/photos/619912261/original.jpg,https://inaturalist-open-data.s3.amazonaws.com/photos/619896119/original.jpg,https://inaturalist-open-data.s3.amazonaws.com/photos/619896148/original.jpg,https://inaturalist-open-data.s3.amazonaws.com/photos/619895003/original.jpg,https://inaturalist-open-data.s3.amazonaws.com/photos/619882727/original.jpg,https://inaturalist-open-data.s3.amazonaws.com/photos/619877689/original.jpg,https://inaturalist-open-data.s3.amazonaws.com/photos/619877738/original.jpg"
Lobelia,"https://inaturalist-open-data.s3.amazonaws.com/photos/619899415/original.jpg,https://inaturalist-open-data.s3.amazonaws.com/photos/619904453/original.jpg,https://inaturalist-open-data.s3.amazonaws.com/photos/619904459/original.jpg,https://inaturalist-open-data.s3.amazonaws.com/photos/619904462/original.jpg,https://inaturalist-open-data.s3.amazonaws.com/photos/619902897/original.jpg,https://inaturalist-open-data.s3.amazonaws.com/photos/619903378/original.jpg,https://inaturalist-open-data.s3.amazonaws.com/photos/619903413/original.jpg,https://inaturalist-open-data.s3.amazonaws.com/photos/619903412/original.jpg,https://inaturalist-open-data.s3.amazonaws.com/photos/619903425/original.jpg,https://inaturalist-open-data.s3.amazonaws.com/photos/619903431/original.jpg,https://inaturalist-open-data.s3.amazonaws.com/photos/619903872/original.jpg,https://inaturalist-open-data.s3.amazonaws.com/photos/619903899/original.jpg,https://inaturalist-open-data.s3.amazonaws.com/photos/619895646/original.jpg,https://inaturalist-open-data.s3.amazonaws.com/photos/619895640/original.jpg,https://inaturalist-open-data.s3.amazonaws.com/photos/619891900/original.jpg,https://inaturalist-open-data.s3.amazonaws.com/photos/619891950/original.jpg,https://inaturalist-open-data.s3.amazonaws.com/photos/619892000/original.jpg"
Salvia,"https://inaturalist-open-data.s3.amazonaws.com/photos/619912738/original.jpg,https://inaturalist-open-data.s3.amazonaws.com/photos/619908318/original.jpg,https://inaturalist-open-data.s3.amazonaws.com/photos/619911270/original.jpg,https://inaturalist-open-data.s3.amazonaws.com/photos/619891787/original.jpg,https://inaturalist-open-data.s3.amazonaws.com/photos/619891821/original.jpg,https://static.inaturalist.org/photos/619908574/original.jpg"
Hollyhock,"https://inaturalist-open-data.s3.amazonaws.com/photos/619909462/original.jpg,https://inaturalist-open-data.s3.amazonaws.com/photos/619873317/original.jpg,https://inaturalist-open-data.s3.amazonaws.com/photos/619873364/original.jpg,https://inaturalist-open-data.s3.amazonaws.com/photos/619873318/original.jpg,https://inaturalist-open-data.s3.amazonaws.com/photos/619873301/original.jpg,https://inaturalist-open-data.s3.amazonaws.com/photos/619873281/original.jpg,https://inaturalist-open-data.s3.amazonaws.com/photos/619873251/original.jpg,https://inaturalist-open-data.s3.amazonaws.com/photos/619820955/original.jpg,https://inaturalist-open-data.s3.amazonaws.com/photos/619807259/original.jpg,https://inaturalist-open-data.s3.amazonaws.com/photos/619807258/original.jpg,https://inaturalist-open-data.s3.amazonaws.com/photos/619807257/original.jpg,https://inaturalist-open-data.s3.amazonaws.com/photos/619807273/original.jpg,https://inaturalist-open-data.s3.amazonaws.com/photos/619807272/original.jpg,https://inaturalist-open-data.s3.amazonaws.com/photos/619786215/original.jpg"
Aster,"https://inaturalist-open-data.s3.amazonaws.com/photos/619899499/original.jpg,https://static.inaturalist.org/photos/619912460/original.jpg,https://inaturalist-open-data.s3.amazonaws.com/photos/619911724/original.jpg,https://inaturalist-open-data.s3.amazonaws.com/photos/619911737/original.jpg,https://inaturalist-open-data.s3.amazonaws.com/photos/619909619/original.jpg,https://inaturalist-open-data.s3.amazonaws.com/photos/619908171/original.jpg"
Calendula,"https://static.inaturalist.org/photos/619914252/original.jpg,https://inaturalist-open-data.s3.amazonaws.com/photos/619901323/original.jpg,https://inaturalist-open-data.s3.amazonaws.com/photos/619905265/original.jpg,https://inaturalist-open-data.s3.amazonaws.com/photos/619901450/original.jpg,https://inaturalist-open-data.s3.amazonaws.com/photos/619900033/original.jpg"
Candytuft,"https://inaturalist-open-data.s3.amazonaws.com/photos/619870425/original.jpg,https://inaturalist-open-data.s3.amazonaws.com/photos/619792099/original.jpg,https://inaturalist-open-data.s3.amazonaws.com/photos/619791044/original.jpg,https://inaturalist-open-data.s3.amazonaws.com/photos/619791063/original.jpg,https://static.inaturalist.org/photos/619715606/original.jpg,https://static.inaturalist.org/photos/619687931/original.jpg"
Larkspur,"https://inaturalist-open-data.s3.amazonaws.com/photos/619868361/original.jpg,https://inaturalist-open-data.s3.amazonaws.com/photos/619868358/original.jpg,https://inaturalist-open-data.s3.amazonaws.com/photos/619868349/original.jpg,https://inaturalist-open-data.s3.amazonaws.com/photos/619874438/original.jpg,https://inaturalist-open-data.s3.amazonaws.com/photos/619874460/original.jpg,https://inaturalist-open-data.s3.amazonaws.com/photos/619830725/original.jpg,https://inaturalist-open-data.s3.amazonaws.com/photos/619830739/original.jpg,https://inaturalist-open-data.s3.amazonaws.com/photos/619830757/original.jpg,https://inaturalist-open-data.s3.amazonaws.com/photos/619806351/original.jpg,https://static.inaturalist.org/photos/619812354/original.jpg"
Shasta Daisy,"https://inaturalist-open-data.s3.amazonaws.com/photos/619849210/original.jpg,https://inaturalist-open-data.s3.amazonaws.com/photos/619849441/original.jpg,https://inaturalist-open-data.s3.amazonaws.com/photos/619849496/original.jpg,https://inaturalist-open-data.s3.amazonaws.com/photos/619849540/original.jpg,https://static.inaturalist.org/photos/619773678/original.jpg,https://static.inaturalist.org/photos/619773804/original.jpg,https://static.inaturalist.org/photos/619773829/original.jpg,https://static.inaturalist.org/photos/619773856/original.jpg,https://static.inaturalist.org/photos/619773863/original.jpg,https://inaturalist-open-data.s3.amazonaws.com/photos/619129343/original.jpg,https://inaturalist-open-data.s3.amazonaws.com/photos/617452406/original.jpg,https://static.inaturalist.org/photos/615044034/original.jpg"
Periwinkle,"https://inaturalist-open-data.s3.amazonaws.com/photos/619913127/original.jpg,https://inaturalist-open-data.s3.amazonaws.com/photos/619913150/original.jpg,https://inaturalist-open-data.s3.amazonaws.com/photos/619913168/original.jpg,https://inaturalist-open-data.s3.amazonaws.com/photos/619907236/original.jpg,https://inaturalist-open-data.s3.amazonaws.com/photos/619907043/original.jpg,https://inaturalist-open-data.s3.amazonaws.com/photos/619907153/original.jpg,https://static.inaturalist.org/photos/619906105/original.jpg,https://inaturalist-open-data.s3.amazonaws.com/photos/619905808/original.jpg"
Coral Bells,"https://inaturalist-open-data.s3.amazonaws.com/photos/619874239/original.jpg,https://static.inaturalist.org/photos/619855711/original.jpg,https://inaturalist-open-data.s3.amazonaws.com/photos/619767372/original.jpg,https://inaturalist-open-data.s3.amazonaws.com/photos/619731109/original.jpg,https://inaturalist-open-data.s3.amazonaws.com/photos/619710657/original.jpg,https://inaturalist-open-data.s3.amazonaws.com/photos/619710655/original.jpg"
Bleeding Heart,"https://inaturalist-open-data.s3.amazonaws.com/photos/619904996/original.jpg,https://inaturalist-open-data.s3.amazonaws.com/photos/619837386/original.jpg,https://inaturalist-open-data.s3.amazonaws.com/photos/619836320/original.jpg,https://inaturalist-open-data.s3.amazonaws.com/photos/619836306/original.jpg,https://inaturalist-open-data.s3.amazonaws.com/photos/619836298/original.jpg"
Sweet Alyssum,"https://static.inaturalist.org/photos/619907810/original.jpg,https://static.inaturalist.org/photos/619907838/original.jpg,https://static.inaturalist.org/photos/619907872/original.jpg,https://static.inaturalist.org/photos/619907904/original.jpg,https://inaturalist-open-data.s3.amazonaws.com/photos/619877624/original.jpg,https://inaturalist-open-data.s3.amazonaws.com/photos/619872503/original.jpg,https://inaturalist-open-data.s3.amazonaws.com/photos/619850410/original.jpg,https://static.inaturalist.org/photos/619842252/original.jpg"
Balloon Flower,"https://inaturalist-open-data.s3.amazonaws.com/photos/618007247/original.jpg,https://inaturalist-open-data.s3.amazonaws.com/photos/618007263/original.jpg,https://inaturalist-open-data.s3.amazonaws.com/photos/618007272/original.jpg,https://inaturalist-open-data.s3.amazonaws.com/photos/618008603/original.jpg,https://inaturalist-open-data.s3.amazonaws.com/photos/618008633/original.jpg,https://static.inaturalist.org/photos/617625716/original.jpg,https://static.inaturalist.org/photos/617625822/original.jpg,https://static.inaturalist.org/photos/617135292/original.jpg,https://inaturalist-open-data.s3.amazonaws.com/photos/617102133/original.jpg,https://static.inaturalist.org/photos/616831275/original.jpg"
Japanese Anemone,"https://inaturalist-open-data.s3.amazonaws.com/photos/619783402/original.jpg,https://static.inaturalist.org/photos/619679912/original.jpg,https://static.inaturalist.org/photos/619679937/original.jpg,https://static.inaturalist.org/photos/619679959/original.jpg,https://static.inaturalist.org/photos/619592976/original.jpg,https://inaturalist-open-data.s3.amazonaws.com/photos/619447344/original.jpg,https://inaturalist-open-data.s3.amazonaws.com/photos/619447361/original.jpg,https://inaturalist-open-data.s3.amazonaws.com/photos/619031513/original.jpg"
Veronica,"https://static.inaturalist.org/photos/619913754/original.jpg,https://static.inaturalist.org/photos/619914108/original.jpg,https://inaturalist-open-data.s3.amazonaws.com/photos/619912510/original.jpg,https://inaturalist-open-data.s3.amazonaws.com/photos/619912532/original.jpg,https://inaturalist-open-data.s3.amazonaws.com/photos/619907729/original.jpg,https://inaturalist-open-data.s3.amazonaws.com/photos/619907738/original.jpg,https://inaturalist-open-data.s3.amazonaws.com/photos/619907747/original.jpg,https://static.inaturalist.org/photos/619910416/original.jpg,https://inaturalist-open-data.s3.amazonaws.com/photos/619909308/original.jpg"
Sedum,"https://static.inaturalist.org/photos/619912408/original.jpg,https://static.inaturalist.org/photos/619912432/original.jpg,https://inaturalist-open-data.s3.amazonaws.com/photos/619910407/original.jpg,https://inaturalist-open-data.s3.amazonaws.com/photos/619910411/original.jpg,https://inaturalist-open-data.s3.amazonaws.com/photos/619908661/original.jpg,https://inaturalist-open-data.s3.amazonaws.com/photos/619908149/original.jpg,https://inaturalist-open-data.s3.amazonaws.com/photos/619908154/original.jpg,https://inaturalist-open-data.s3.amazonaws.com/photos/619909244/original.jpg,https://inaturalist-open-data.s3.amazonaws.com/photos/619909267/original.jpg,https://inaturalist-open-data.s3.amazonaws.com/photos/619909302/original.jpg"
Helenium,"https://inaturalist-open-data.s3.amazonaws.com/photos/619898102/original.jpg,https://inaturalist-open-data.s3.amazonaws.com/photos/619882862/original.jpg,https://inaturalist-open-data.s3.amazonaws.com/photos/619882933/original.jpg,https://inaturalist-open-data.s3.amazonaws.com/photos/619847609/original.jpg,https://inaturalist-open-data.s3.amazonaws.com/photos/619763055/original.jpg,https://inaturalist-open-data.s3.amazonaws.com/photos/619763039/original.jpg,https://inaturalist-open-data.s3.amazonaws.com/photos/619763046/original.jpg,https://inaturalist-open-data.s3.amazonaws.com/photos/619754302/original.jpg"
Astilbe,"https://inaturalist-open-data.s3.amazonaws.com/photos/619867622/original.jpg,https://inaturalist-open-data.s3.amazonaws.com/photos/619533080/original.jpg,https://inaturalist-open-data.s3.amazonaws.com/photos/619463958/original.jpg,https://static.inaturalist.org/photos/618344661/original.jpg,https://static.inaturalist.org/photos/618344677/original.jpg,https://static.inaturalist.org/photos/618088457/original.jpg"
Coreopsis,"https://inaturalist-open-data.s3.amazonaws.com/photos/619897352/original.jpg,https://static.inaturalist.org/photos/619897155/original.jpg,https://static.inaturalist.org/photos/619897177/original.jpg,https://static.inaturalist.org/photos/619897196/original.jpg,https://static.inaturalist.org/photos/619897194/original.jpg,https://inaturalist-open-data.s3.amazonaws.com/photos/619891969/original.jpg,https://inaturalist-open-data.s3.amazonaws.com/photos/619888083/original.jpg,https://inaturalist-open-data.s3.amazonaws.com/photos/619880210/original.jpg"
