plantName,description
Aloe Vera,"A hardy, drought-tolerant succulent known for its thick, fleshy leaves containing a cooling gel used to soothe burns, cuts, and skin irritations."
Basil,"A fragrant, fast-growing culinary herb with tender green leaves that are a staple in pesto, pasta, and fresh summer salads."
Snake Plant,"An incredibly resilient indoor plant with stiff, sword-like leaves that is famous for its air-purifying qualities and ability to thrive in low light."
Lavender,"A fragrant Mediterranean shrub prized for its silvery-green foliage and purple flower spikes used in aromatherapy, skincare, and herbal teas."
Cactus,"A sculptural desert plant with specialized water-storing stems and spines, perfectly adapted to survive in harsh, arid environments with minimal water."
Rosemary,"A woody, aromatic perennial herb with needle-like leaves that adds a distinct, pine-like flavor to roasted meats and savory Mediterranean dishes."
Mint,"A vigorous and spreading herb with refreshing, cool-tasting leaves that are widely used in teas, cocktails, and various culinary garnishes."
Thyme,"A low-growing, versatile herb with tiny, pungent leaves that are essential for seasoning soups, stews, and roasted vegetables."
Peace Lily,"An elegant indoor plant featuring glossy dark green leaves and hooded white blooms, though it is toxic if ingested by pets."
Spider Plant,"A classic, easy-to-grow houseplant characterized by its arching, ribbon-like foliage and the small 'pups' it produces on long, hanging stems."
Parsley,"A nutrient-dense biennial herb with ruffled or flat leaves used globally as both a fresh garnish and a primary ingredient in sauces."
Fern (Boston),"A lush, feathery plant with gracefully arching fronds that adds a soft, forest-like texture to humid indoor spaces or shaded porches."
Bamboo Palm,"A slow-growing, multi-stemmed palm that brings a tropical feel to interiors while acting as a natural air filter."
Money Plant,"A popular climbing or trailing indoor vine with heart-shaped leaves, often grown in homes for its reputation of bringing good luck and prosperity."
Jade Plant,"A long-lived succulent with thick, woody stems and oval-shaped leaves that resemble small stones, often passed down through generations."
Orchids,"Exotic and sophisticated flowering plants known for their diverse, intricate blooms that can last for weeks under the right indoor conditions."
Cilantro,"A fast-growing annual herb with a bright, citrusy flavor that is a foundational ingredient in Mexican, Indian, and Southeast Asian cuisines."
Dill,"A tall, feathery herb with a delicate anise-like flavor, most commonly used for pickling and seasoning seafood or potato dishes."
Chives,"A cold-hardy member of the onion family with slender, hollow leaves that provide a mild, savory kick to baked potatoes and omelets."
Oregano,"A woody, aromatic perennial herb with small, flavorful leaves that are a cornerstone of Italian and Mediterranean cooking."
Pothos,"A fast-growing, trailing vine with heart-shaped variegated leaves that is famously difficult to kill but toxic to pets."
Rubber Plant,"A bold indoor tree featuring large, thick, glossy dark-green leaves that add a dramatic, structural look to any room."
Bougainvillea,"A vibrant, fast-growing climbing vine known for its thorny stems and spectacular, papery floral bracts that thrive in the heat."
Fiddle Leaf Fig,"A trendy, slow-growing indoor tree with massive, violin-shaped leaves that prefers a consistent environment and indirect light."
Sage,"A hardy perennial herb with soft, silvery-grey leaves and a distinct earthy flavor often used in holiday stuffings and savory dishes."
Cosmos,"A charming, airy garden flower with delicate, feathery foliage and daisy-like blooms that attract butterflies all summer long."
Geranium,"A classic garden favorite known for its clusters of vibrant flowers and scented foliage, perfect for window boxes and patio pots."
Marigold,"A cheerful, sun-loving flower with golden-orange blooms that are often used in vegetable gardens to naturally deter pests."
Zinnia,"A colorful and prolific annual flower that is incredibly easy to grow from seed and produces sturdy blooms perfect for cutting."
Hibiscus,"A tropical shrub that produces large, showy, trumpet-shaped flowers, bringing an instant island feel to sunny landscapes."
Begonia,"A diverse group of flowers prized for their fancy foliage and constant blooms, performing beautifully in shaded or indirect light."
Chrysanthemum,"A bushy, late-season bloomer that provides a final burst of color to autumn gardens with its dense, multi-petaled flowers."
Daffodil,"A cheerful, spring-blooming bulb with iconic trumpet-shaped yellow or white flowers that signal the end of winter."
Sunflower,"A tall, fast-growing annual famous for its massive, sun-tracking golden heads and edible seeds that nourish both humans and birds."
Tulip,"A classic spring bulb known for its elegant, cup-shaped flowers that come in nearly every color of the rainbow."
Peony,"A long-lived perennial that produces lush, fragrant, and oversized blooms, often considered the crown jewel of the late spring garden."
Jasmine,"A climbing vine beloved for its intensely fragrant white flowers that fill the air with a sweet, intoxicating scent on summer nights."
Ivy,"A versatile and hardy climbing or trailing vine with distinctive lobed leaves that can quickly cover walls or trellises."
Nasturtium,"A vibrant, fast-growing flower with unique round leaves; both the peppery leaves and the bright flowers are edible."
Petunia,"A popular bedding plant that produces a non-stop carpet of colorful, funnel-shaped flowers throughout the warmest months."
Carnation,"A long-lasting flower with ruffled petals and a spicy, clove-like scent that has been a staple of floral arrangements for centuries."
Snapdragon,"A nostalgic garden flower with unique, 'dragon-headed' blooms that pop open when squeezed, growing on tall, sturdy spikes."
Pansy,"A cool-weather favorite featuring 'faced' flowers in a wide array of colors that can withstand a light frost."
Sweet Pea,"A delicate climbing vine famous for its exquisite fragrance and ruffled, pastel-colored flowers; note that its seeds are toxic."
Morning Glory,"A vigorous climber that produces beautiful, trumpet-shaped flowers that unfurl each morning to greet the sun."
Verbena,"A heat-tolerant plant that produces clusters of tiny, star-shaped flowers, making it an excellent choice for groundcover or hanging baskets."
Gerbera Daisy,"A bold, cheerful flower known for its perfectly symmetrical, oversized blooms and vivid, saturated colors."
Anemone,"A graceful, airy flower also known as the 'windflower,' featuring delicate petals and dark centers that sway beautifully in the breeze."
Hyacinth,"A spring-blooming bulb that produces dense, upright spikes of intensely fragrant, bell-shaped flowers."
Crocus,"A small, hardy bulb that produces vibrant cup-shaped flowers, often the very first to poke through the snow in late winter."
Dandelion,"A resilient and fast-growing plant with bright yellow flower heads that transform into fluffy white seed globes."
Foxglove,"A majestic but toxic biennial known for its tall spikes of tubular, bell-shaped flowers marked with unique interior spots."
Bluebell,"A charming woodland flower that creates carpets of nodding, violet-blue bells in shaded areas during the spring."
Camellia,"An elegant evergreen shrub prized for its rose-like winter blooms and glossy, deep green foliage that prefers acidic soil."
Poppy,"A delicate and iconic flower with papery petals and a dark center, often associated with remembrance and natural beauty."
Magnolia,"A grand, ancient tree species known for its massive, fragrant blossoms and thick, leathery leaves."
Holly,"A classic ornamental tree featuring prickly, evergreen leaves and bright red berries that provide winter interest and bird habitat."
Gardenia,"A sophisticated flowering plant famous for its creamy white blooms and an incredibly sweet, heavy fragrance."
Azalea,"A vibrant, acid-loving shrub that produces spectacular masses of spring flowers; note that it is toxic if consumed."
Clivia,"A sturdy indoor plant with dark, strap-shaped leaves and clusters of bright orange, trumpet-like flowers."
Tulsi (Holy Basil),"A sacred and aromatic fast-growing herb used in traditional medicine and teas for its many therapeutic properties."
Canna Lily,"A bold, tropical-looking plant with large, paddle-shaped leaves and fiery, showy flowers on tall stalks."
Dahlia,"A diverse garden favorite that grows from tubers to produce intricate, geometrically perfect blooms in endless colors."
Daisy,"A cheerful, simple flower with a yellow center and white petals, embodying a classic, carefree garden aesthetic."
Eucalyptus,"A fast-growing tree with silvery-blue foliage and a distinct, medicinal scent used widely in floral arrangements and oils."
Lotus,"A stunning aquatic plant with large, circular leaves and ethereal blooms that emerge cleanly from the water's surface."
Bamboo,"A fast-growing, woody grass used as a natural privacy screen and admired for its strength and Zen-like appearance."
Orchid Cactus,"A unique succulent that combines the hardiness of a cactus with the large, spectacular blooms of an orchid."
Bromeliad,"A striking tropical plant that grows in a rosette shape, often featuring a colorful, long-lasting central flower spike."
Succulent,"A diverse group of drought-tolerant plants with thick, fleshy parts designed to store water in arid conditions."
Iris,"A regal perennial named after the goddess of the rainbow, featuring unique 'bearded' or crested petals."
Lotus Bamboo,"A decorative variety of grass that resembles bamboo, often grown in water or soil as a symbol of good fortune."
Hosta,"The king of the shade garden, loved for its wide variety of lush, decorative foliage colors and textures."
Echeveria,"A popular, rosette-forming succulent with powdery, leaf-tipped colors that look like sculpted stone roses."
Catmint,"A hardy herb with aromatic grey-green foliage and spikes of lavender flowers that are highly attractive to pollinators."
Coneflower,"A tough, drought-tolerant native flower with prominent central cones used often in herbal remedies and meadows."
Lamb's Ear,"A unique foliage plant covered in soft, silvery-white fuzz that feels remarkably like the velvet of a lamb's ear."
Fuchsia,"An exotic-looking plant with elegant, two-toned pendant flowers that hang down like ornate jewelry or teardrops."
Impatiens,"A prolific bloomer for shady spots, providing a continuous carpet of bright color throughout the growing season."
Dianthus,"A fragrant flower with fringed petals also known as 'pinks,' often smelling of cloves or sweet spice."
Phlox,"A garden staple that produces dense clusters of star-shaped flowers, filling the air with a soft, sweet perfume."
Lobelia,"A trailing plant that produces a profusion of tiny, intense blue or violet flowers, perfect for hanging baskets."
Salvia,"A versatile member of the mint family with tall spikes of flowers that are a magnet for hummingbirds and bees."
Hollyhock,"A nostalgic cottage garden plant that grows tall, sturdy stalks covered in large, open-faced blossoms."
Aster,"A late-season bloomer that provides essential nectar for butterflies with its daisy-like stars of purple, pink, and white."
Calendula,"A cheerful, sun-loving flower with medicinal petals used in skincare salves and soothing ointments."
Candytuft,"A low-growing, woody perennial that smothers itself in pure white flower clusters, acting as a beautiful groundcover."
Larkspur,"A tall, airy annual with deeply cut leaves and spires of delicate flowers in shades of blue, pink, and white."
Shasta Daisy,"A robust and classic perennial daisy with large, crisp white flowers that bloom reliably every summer."
Periwinkle,"A durable groundcover with glossy evergreen leaves and simple, star-shaped blue or violet flowers."
Coral Bells,"A prized ornamental plant grown primarily for its stunning, color-shifting foliage that ranges from lime to deep purple."
Bleeding Heart,"A poetic shade-lover with arching stems that dangle delicate, heart-shaped pink and white blossoms."
Sweet Alyssum,"A low-growing, fast-spreading flower that creates a carpet of tiny blooms with a distinct, honey-like fragrance."
Balloon Flower,"A fun garden plant whose flower buds puff up like little balloons before popping open into star-shaped blooms."
Japanese Anemone,"A graceful, late-summer bloomer with tall, wiry stems and simple, elegant flowers that sway in the wind."
Veronica,"A reliable perennial with slender, upright spikes of densely packed flowers, usually in a deep, striking blue."
Sedum,"A tough, fleshy succulent that stores water in its leaves and produces clusters of star-shaped flowers in late summer."
Helenium,"A sun-loving perennial with distinct, daisy-like flowers in warm 'autumn' shades of red, orange, and yellow."
Astilbe,"A shade-loving plant featuring fern-like foliage and soft, feathery plumes of flowers that light up dark corners."
Coreopsis,"A sunny, long-blooming flower often called 'Tickseed,' known for its bright yellow petals and extreme drought tolerance."
Columbine,"An enchanting woodland flower with unique, spurred petals that look like delicate Victorian bonnets."
Globe Thistle,"A striking architectural plant that produces perfectly spherical, metallic-blue flower heads atop prickly silver foliage."
Lupine,"A majestic meadow flower that grows in tall, dense spires of pea-like blooms, often in stunning bicolor combinations."
Blanket Flower,"A bold, heat-tolerant daisy with vibrant red and yellow patterned petals that resemble traditional woven blankets."
Toad Lily,"An exotic shade-dweller with unique, orchid-like spotted flowers that bloom along arching stems in late summer."
Russian Sage,"A hardy, silvery-grey shrub with airy spikes of lavender-blue flowers that emit a spicy scent when brushed."
Bee Balm,"A colorful, shaggy-flowered plant that is a primary source of nectar for bees, butterflies, and hummingbirds."
Speedwell,"A reliable garden perennial that produces slender, upright wands of tiny, vivid blue or violet flowers."
Catnip,"A fast-growing herb from the mint family that is famous for its intoxicating effect on cats and its mild, herbal scent."
Tarragon,"A sophisticated culinary herb with slender green leaves and a subtle, bittersweet anise flavor essential to French cooking."
Bay Laurel,"An ancient, slow-growing evergreen tree whose leathery, aromatic leaves are a pantry staple for flavoring soups and stews."
Lemon Balm,"A lemon-scented member of the mint family often used in teas and herbal remedies for its calming properties."
Fennel,"A tall, feathery herb with a sweet, licorice-like flavor and delicate yellow flower umbels that attract beneficial insects."
Chamomile,"A gentle medicinal herb with daisy-like flowers used for centuries in soothing teas and natural skincare."
Lemongrass,"A tall, tropical grass with a bright citrus scent and flavor, widely used in Southeast Asian soups and curries."
Stevia,"A compact herb prized for its incredibly sweet leaves, which are used as a natural, calorie-free sugar substitute."
Marjoram,"A delicate, sweet herb closely related to oregano, commonly used to add a subtle savory flavor to Mediterranean dishes."
ZZ Plant,"An exceptionally tough indoor plant with waxy, dark green leaves that can survive in extremely low light with very little water."
Philodendron,"A popular, fast-growing indoor vine with heart-shaped leaves that is prized for its ease of care and trailing habit."
Monstera,"A tropical showstopper known as the 'Swiss Cheese Plant' for the natural holes and slits that develop in its large, iconic leaves."
Calathea,"A stunning 'prayer plant' known for its intricately patterned foliage that often folds up at night as if in prayer."
Fern (Boston Fern),"A lush, feathery plant with gracefully arching fronds that thrives in high humidity and indirect light."
Croton,"A bold tropical plant featuring thick, leathery leaves splashed with vivid shades of yellow, orange, red, and purple."
Dieffenbachia,"A large-leafed tropical plant often called 'Dumb Cane,' known for its striking variegated foliage; toxic if ingested."
Dracaena,"A tall, architectural houseplant with sword-like leaves that is highly effective at purifying indoor air."
Majesty Palm,"A classic tropical palm with long, feathery fronds that adds an instant touch of the tropics to any bright room."
Bird of Paradise,"A dramatic plant with large, banana-like leaves and spectacular orange and blue flowers that resemble a bird's head."
Chinese Evergreen,"A dependable, low-maintenance indoor plant with lush, silver-patterned leaves that thrives in low light."
Peperomia,"A diverse group of compact houseplants with thick, fleshy leaves that come in a wide variety of shapes and textures."
Ficus Tree,"A popular indoor tree with a woody trunk and dense, glossy leaves, known for being a bit sensitive to changes in its environment."
Succulents (General),"A vast group of water-storing plants with fleshy leaves and stems, perfectly adapted for sunny spots and minimal watering."
Haworthia,"A charming, small succulent often called the 'Zebra Plant' due to the white, bumpy stripes on its pointed leaves."
String of Pearls,"A unique, cascading succulent with long, thread-like stems draped in small, green spheres that look like a beaded necklace."
Jade Pothos,"A variety of the hardy Pothos vine with solid, deep green heart-shaped leaves; very easy to grow but toxic to pets."
Swedish Ivy,"A fast-growing, trailing plant with scalloped, glossy green leaves and delicate white flowers, perfect for hanging baskets."
Wandering Jew,"A striking trailing plant with colorful, striped leaves that often shimmer with shades of silver, green, and purple."
Hoya (Wax Plant),"A long-lived climbing vine with thick, waxy leaves and clusters of star-shaped, porcelain-like flowers that are highly fragrant."
African Violet,"A beloved indoor flower with soft, fuzzy leaves and clusters of delicate blooms in shades of purple, pink, and white."
Begonia (Outdoor),"A reliable garden flower used for its continuous blooms and fancy foliage, performing well in both sun and partial shade."
Petunia (Trailing),"A vigorous, fast-growing flower that creates a massive cascade of color in hanging baskets and garden containers."
Begonia (Indoor),"A decorative houseplant prized for its asymmetrical, colorful leaves and its ability to bloom in lower light conditions."
Clematis,"A beautiful climbing vine known as the 'Queen of Climbers' for its large, showy flowers that cover trellises in summer."
Calla Lily,"An elegant flower with sleek, trumpet-shaped blooms and spotted green foliage, often used in formal floral arrangements."
Cineraria,"A vibrant ornamental plant that produces dense mounds of daisy-like flowers in brilliant shades of blue, purple, and pink."
Heliotrope,"A nostalgic garden favorite with clusters of tiny, deep purple flowers that smell remarkably like vanilla or cherry pie."
Tuberose,"A tall, graceful plant famous for its waxy white flowers and an intensely sweet, heavy fragrance that lingers in the night air."
Gazania,"A tough, ground-hugging flower with brilliant, sun-burst petals that close at night and on cloudy days."
Portulaca,"A drought-tolerant groundcover also known as 'Moss Rose,' featuring succulent leaves and jewel-toned, rose-like blooms."
Coleus,"A shade-loving plant grown primarily for its spectacular, multicolored foliage that comes in endless patterns and hues."
Dusty Miller,"A striking ornamental plant prized for its silver-grey, woolly foliage that provides a cool contrast in sunny garden borders."
Dianella,"A hardy, grass-like perennial also known as 'Flax Lily,' featuring strap-shaped leaves and small blue flowers followed by purple berries."
Lantana,"A heat-loving shrub that produces rounded clusters of small, brightly colored florets that often change hue as they age."
Yucca,"A tough, architectural plant with stiff, sword-like leaves and tall spikes of white bell-shaped flowers, built for arid conditions."
Acalypha,"Commonly known as 'Copperleaf' or 'Chenille Plant,' it is grown for its colorful foliage or fuzzy, catkin-like red flowers."
Viola,"A charming, cool-weather flower with delicate petals that come in various patterns, often used for winter and spring color."
Jasmine (Outdoor),"A vigorous climbing vine famous for its prolific white flowers and a sweet, heady fragrance that intensifies at dusk."
Sweet William,"A nostalgic biennial or short-lived perennial that produces dense, flat-topped clusters of fringed, bi-colored flowers."
Campanula,"Often called 'Bellflower,' this plant features delicate, upward-facing blooms in shades of blue and white."
Black-Eyed Susan,"A classic prairie flower with golden-yellow petals surrounding a dark brown central cone, known for its rugged durability."
Bachelors Button,"A simple and hardy annual featuring ruffled, intense blue flowers that are a favorite in cottage gardens."
Sea Holly,"A unique, thistle-like plant with metallic-blue bracts and prickly foliage that adds a sculptural element to the landscape."
Bellflower,"A graceful perennial with nodding, bell-shaped blooms that thrives in cooler, partially shaded garden spots."
Daylily,"A virtually indestructible perennial that produces large, trumpet-shaped flowers; while each bloom lasts one day, the plant flowers for weeks."
Yarrow,"A versatile medicinal herb with feathery foliage and flat-topped flower clusters that is highly attractive to pollinators."
Feverfew,"A traditional medicinal herb that looks like a miniature daisy, often grown for its health benefits and pest-deterrent properties."
Rudbeckia,"A sturdy, late-summer bloomer with vibrant yellow or orange petals, perfect for adding warmth to the autumn garden."
Echinacea,"Also known as 'Coneflower,' this medicinal plant is famous for its immune-boosting properties and bold, pinkish-purple petals."
Alyssum,"A fast-growing, low-profile flower that creates a sweet-scented carpet of tiny blooms, perfect for borders and rock gardens."
Ice Plant,"A vibrant, succulent groundcover that produces a shimmering blanket of neon-colored daisy-like flowers in full sun."
Neem Tree,"A fast-growing tropical tree revered for its powerful medicinal, insecticidal, and antifungal properties in its leaves and oil."
Peepal Tree (Bodhi Tree),"A sacred, large-crowned fig tree with heart-shaped leaves, historically significant as the tree under which the Buddha attained enlightenment."
Banyan Tree (Bargad),"A massive, iconic tree known for its aerial prop roots that grow into thick woody trunks, creating a forest-like canopy."
Kikar Tree (Acacia),"A hardy, drought-resistant tree with feathery foliage and thorny branches, well-adapted to dry and sandy environments."
Sheesham Tree,"A premier timber tree known for its beautiful, dark-veined wood and its ability to grow quickly in sunny, open spaces."
Gul Mohar (Flame Tree),"A spectacular tropical tree that produces a vivid canopy of fiery red or orange flowers, earning its name as the 'Flame of the Forest.'"
Amaltas (Golden Shower),"A stunning ornamental tree that produces long, drooping clusters of bright yellow flowers that resemble golden rain."
Date Palm (Khajoor),"A majestic, slender palm tree grown for its sweet, nutritious fruits and its classic desert-oasis silhouette."
Ber Tree (Indian Jujube),"A hardy fruit tree that produces small, crisp, apple-like fruits and thrives even in poor, sandy soils."
Ageratum,"A compact garden plant known for its unique, soft, tassel-like blue or purple flowers that bloom continuously in the sun."
Beggonia (Outdoor),"A versatile bedding plant with succulent stems and waxy flowers that provides reliable color in summer garden beds."
Amaryllis,"A popular bulbous plant that produces huge, spectacular trumpet-shaped flowers on thick, leafless stalks."
Chrysanthemum (Outdoor),"A robust autumnal flower that forms dense mounds of color, signaling the transition from summer to the cooler months."
Japanese Maple,"A slow-growing, ornamental tree prized for its delicate, deeply lobed leaves and spectacular crimson fall colors."
Euphorbia,"A diverse group of succulent-like plants that produce a milky white sap and unique, long-lasting floral bracts."
Pineapple Sage,"A fast-growing herb with velvety leaves that smell exactly like fresh pineapple, topped with tall spikes of red flowers."
Maranta (Prayer Plant),"A low-growing indoor plant with beautifully patterned leaves that fold upward at night as if in a gesture of prayer."
Kalanchoe,"A popular flowering succulent with thick, scalloped leaves and long-lasting clusters of small, brightly colored blossoms."
Pilea,"Often called the 'Chinese Money Plant,' it features unique, round, pancake-shaped leaves on slender stalks."
Pothos (Golden Pathos),"An incredibly easy-to-grow trailing vine with heart-shaped, yellow-marbled leaves that excels at air purification."
Areca Palm,"A graceful, fountain-like palm with feathery fronds that serves as an excellent natural humidifier for indoor spaces."
Ficus Benjamina,"Commonly known as the 'Weeping Fig,' this elegant tree features arching branches and glossy, pointed leaves."
Mimosa,"A fast-growing tree or shrub known for its fern-like foliage and fluffy, pink, pom-pom flowers that have a delicate fragrance."
Lavender (English),"A highly aromatic shrub with narrow grey-green leaves and violet flower spikes, widely used in perfumes and skincare."
Zucchini,"A fast-growing, sprawling vegetable plant that produces large yellow flowers and abundant green or yellow summer squash."
Chili Pepper,"A heat-loving plant that produces spicy, colorful pods used globally to add heat and flavor to culinary dishes."
Radish,"A quick-growing root vegetable that produces peppery, crunchy bulbs, often used as one of the easiest 'starter' plants for new gardeners."
Grape Vine,"A vigorous, woody climbing vine grown for its clusters of sweet, juicy fruits and its large, decorative shade-providing leaves."
Cherry Blossom,"A celebrated flowering tree that produces a breathtaking, ephemeral cloud of pink or white blossoms in early spring."
Pine,"A classic evergreen tree with needle-like leaves and resinous cones, known for its incredible hardiness and fresh, forest scent."
Lily of the Valley,"A delicate but highly toxic woodland plant with sweet-smelling, bell-shaped white flowers that bloom in the shade."
Hops,"A vigorous, fast-climbing vine used primarily in brewing for its bittering cones, but also valued for its medicinal and sedative properties."
Cabbage,"A cool-season vegetable that forms a dense, leafy head; a versatile staple in gardens and kitchens for slaws, soups, and ferments."
Tomato,"The quintessential summer garden fruit, producing juicy, sun-ripened berries in a massive variety of shapes, sizes, and colors."
Wisteria,"A romantic, long-lived climbing vine famous for its massive, drooping clusters of fragrant purple or white pea-like flowers."
Strawberry,"A low-growing perennial that spreads via runners, producing sweet, red heart-shaped fruits that are a favorite of home gardeners."
Borage,"An easy-to-grow herb with fuzzy leaves and star-shaped blue flowers that have a refreshing cucumber-like flavor and attract bees."
Raspberry,"A brambling shrub that produces delicate, hollow-centered berries; a delicious and high-yielding addition to any sunny edible garden."
Cornflower,"A bright, airy wildflower also known as 'Bachelor’s Button,' prized for its intense true-blue petals and drought tolerance."
Pineapple,"A slow-growing tropical bromeliad that produces a single, iconic spiked fruit from the center of its sword-like foliage."
Lavender (French),"A Mediterranean shrub with distinctively 'eared' flower spikes, grown for its aromatic oils and beautiful silvery foliage."
Acorn Squash,"A hardy, winter squash known for its ribbed, dark green skin and sweet, nutty orange flesh that stores well after harvest."
Apple Tree,"The most iconic temperate fruit tree, offering beautiful spring blossoms followed by crisp, versatile fruits in autumn."
Bamboo Orchid,"A unique orchid with tall, cane-like stems resembling bamboo, topped with delicate, cattleya-like purple flowers."
Balsam,"A nostalgic annual also known as 'Touch-Me-Not,' featuring colorful cup-shaped flowers and seed pods that burst open when ripe."
Banana Plant,"A fast-growing tropical giant with massive, paddle-shaped leaves that adds an instant architectural and jungle-like feel to a garden."
Beetroot,"A dual-purpose vegetable grown for its earthy, nutrient-dense purple roots as well as its edible, vitamin-rich green tops."
Blackcurrant,"A woody shrub that produces clusters of dark, tart berries which are exceptionally high in Vitamin C and used for jams and syrups."
Bok Choy,"A fast-growing Chinese cabbage with crisp white stalks and tender green leaves, perfect for quick stir-fries."
Brassica,"A diverse family of plants including kale and mustard, valued for their hardiness and nutritious, often peppery-tasting foliage."
Butternut Squash,"A popular winter squash with a tan, bell-like shape and smooth, creamy orange flesh that becomes very sweet when roasted."
Carrot,"A favorite root vegetable that grows a long, crunchy orange taproot underground beneath a mound of feathery green foliage."
Chayote,"A vigorous climbing perennial from the gourd family that produces mild, pear-shaped green fruits used extensively in Latin cuisine."
Chestnut,"A grand, long-lived tree that produces starchy, edible nuts encased in a prickly green husk during the autumn months."
Clementine,"A small, sweet, and typically seedless citrus fruit grown on compact trees with glossy, evergreen leaves."
Clove,"A tropical evergreen tree whose dried, unopened flower buds are used as a pungent and warming spice worldwide."
Cocoa Tree,"The source of chocolate, this tropical tree produces large, colorful pods containing seeds that are fermented and roasted."
Corn,"A tall, fast-growing cereal grass that produces ears filled with sweet, starchy kernels—a cornerstone of global agriculture."
Cucumber,"A sprawling or climbing vine that produces crisp, water-rich fruits perfect for fresh salads or pickling."
Currant,"A hardy shrub producing translucent red, white, or black berries that grow in elegant, hanging clusters called 'strigs.'"
Date Palm,"A majestic desert palm that provides shade and yields clusters of sweet, energy-rich fruits known as dates."
Dragon Fruit,"A stunning climbing cactus that produces exotic, scale-skinned fruits with a mild, speckled interior and spectacular night-blooming flowers."
Eggplant,"A heat-loving plant that produces glossy, typically purple fruits with a meaty texture that absorbs flavors beautifully in cooking."
Elderberry,"A large shrub famous for its flat clusters of white flowers and dark berries, both of which are used in immune-boosting syrups."
Fig Tree,"An ancient fruit tree with large, lobed leaves and unique, honey-sweet fruits that can be eaten fresh or dried."
Green Bean,"A productive garden staple that grows as either a bush or a climbing pole, producing tender, edible pods throughout the summer."
Jackfruit,"The producer of the world's largest tree-borne fruit, known for its huge, bumpy exterior and its fibrous, meat-like interior."
Jasmine (Indoor),"A fragrant, twining vine kept as a houseplant for its starry white blooms that fill a room with an intoxicating sweet scent."
Jatropha,"A hardy, drought-tolerant shrub often grown for its clusters of star-shaped red flowers and its seeds, which are used for biofuel."
Kiwi,"A vigorous woody vine that requires a trellis to support its fuzzy, brown-skinned fruits with their bright green, tangy centers."
Lady's Mantle,"A charming perennial with scalloped, pleated leaves that famously catch and hold glistening beads of morning dew."
Lemon Tree,"A popular citrus tree that provides year-round glossy foliage and bright, acidic yellow fruits essential for cooking and cleaning."
Litchi,"A tropical evergreen tree prized for its small, rough-skinned fruits that contain a sweet, translucent, floral-scented flesh."
Lychee,"A beloved tropical fruit tree (Litchi) celebrated for its juicy, fragrant summer fruits encased in a brittle, pink-red shell."
Mallow,"A resilient plant with soft, heart-shaped leaves and satiny, hollyhock-like flowers that have been used traditionally in herbalism."
Mango,"Known as the 'king of fruits,' this large tropical tree produces succulent, golden-fleshed fruits with a rich, sweet aroma."
Moringa,"Often called the 'Miracle Tree,' every part of this fast-growing plant is nutrient-dense, from its leaves to its drumstick-shaped pods."
Mulberry,"A fast-growing tree that produces sweet, blackberry-like fruits and is historically significant as the primary food for silkworms."
Mustard,"A quick-growing plant used for its spicy greens, its seeds (which are ground into the famous condiment), and its bright yellow flowers."
Nectarine,"A smooth-skinned variety of peach tree that produces sweet, juicy stone fruits and beautiful pink spring blossoms."
Olive Tree,"An ancient, silvery-leafed Mediterranean tree known for its longevity, oil-rich fruits, and incredible drought tolerance."
Acacia,"A diverse group of fast-growing trees or shrubs with feathery foliage and clusters of bright yellow, puffball flowers."
Acanthus,"Also known as 'Bear's Breeches,' this plant is famous for its large, glossy, sculptural leaves that inspired classical Greek architecture."
Alstroemeria,"Often called the 'Peruvian Lily,' it produces long-lasting, exotic-looking striped flowers that are a favorite in floral bouquets."
Amaranth,"A striking, fast-growing plant with vibrant flower plumes and nutrient-dense seeds and leaves used in ancient culinary traditions."
Anigozanthos (Kangaroo Paw),"A unique Australian native featuring fuzzy, tubular flowers that resemble the paw of a kangaroo, thriving in sunny, sandy spots."
Anthurium,"A tropical favorite known for its waxy, heart-shaped red 'flowers' (bracts) and glossy dark green foliage."
Aquilegia (Columbine),"A delicate woodland perennial with distinctive spurred flowers that seem to float above its lacy, blue-green leaves."
Arum Lily,"A stately plant with elegant, funnel-shaped white blooms and large, arrowhead-shaped leaves that love moist environments."
Aztec Lily,"A dramatic bulb that produces deep crimson, orchid-like flowers, also known as the Jacobean Lily."
Barberry,"A hardy, thorny ornamental shrub prized for its colorful foliage that ranges from bright gold to deep burgundy."
Brachychiton (Bottle Tree),"An architectural marvel with a swollen, water-storing trunk and a dense canopy of uniquely shaped leaves."
Cananga (Ylang-Ylang),"A tropical tree famous for its drooping greenish-yellow flowers that produce one of the world's most celebrated floral perfumes."
Carrot Plant,"A familiar root vegetable grown for its sweet, orange taproot and feathery green foliage that thrives in deep, sandy soil."
Cestrum,"Commonly known as 'Night-Blooming Jessamine,' it produces clusters of small flowers that release an intense fragrance after dark."
Cockscomb (Celosia),"A showy annual with unusual flower heads that resemble the velvety ripples of a rooster's comb or vibrant coral."
Cress,"A fast-growing, peppery herb that is often harvested as a microgreen to add a fresh, spicy kick to salads and sandwiches."
Cyclamen,"A charming cool-season plant with 'swept-back' petals and beautifully marbled, heart-shaped leaves."
Devils Ivy,"Another name for the incredibly hardy Pothos vine, known for its ability to trail or climb in almost any indoor lighting."
Ficus Microcarpa,"A versatile tree often used for bonsai, featuring small, dense leaves and interesting exposed root systems."
Guava,"A tropical fruit tree with attractive peeling bark and sweet, fragrant fruits that are rich in Vitamin C."
Ixia,"Also known as 'African Corn Lily,' it produces tall, wiry stems topped with clusters of star-shaped, brilliantly colored flowers."
Jacaranda,"A breathtaking ornamental tree famous for its cloud-like canopy of vibrant purple, trumpet-shaped blossoms."
Kiwi Vine,"A vigorous, woody climber that requires plenty of sun and a sturdy trellis to produce its fuzzy, vitamin-rich green fruits."
Knautia,"A pincushion-like flower with deep crimson blooms that sway on slender stems, attracting bees and butterflies all summer."
Liatris,"Often called 'Blazing Star,' it produces unique, fuzzy purple flower spikes that bloom from the top down."
Lilac,"A beloved spring shrub known for its dense, cone-shaped clusters of intensely fragrant purple or white flowers."
Luffa,"A fast-growing gourd vine that produces fruits which, when dried and peeled, become the natural fibrous sponges used for bathing."
Malva (Mallow),"A hardy and prolific bloomer with satiny, striped flowers that add a nostalgic, cottage-garden feel to sunny borders."
Neoregalia (Bromeliad),"A stunning tropical plant that forms a flat rosette of leaves, with the center often turning brilliant red or pink before blooming."
Nettle,"A fast-growing plant known for its stinging hairs, though it is highly valued as a nutrient-rich herb when blanched or dried."
Passionflower,"An exotic-looking vine with intricate, otherworldly flowers followed by delicious, aromatic passion fruits."
Pepper Plant,"A sun-loving garden staple that produces a wide variety of pods, ranging from sweet bell peppers to fiery hot chilies."
Pomegranate,"A long-lived, drought-tolerant shrub or small tree that produces leathery red fruits filled with juicy, jewel-like seeds."
Potato Vine,"A vigorous climber related to the common potato, grown for its profusion of star-shaped white or bluish flowers."
Protea,"A prehistoric-looking South African shrub with massive, dramatic flower heads that are a centerpiece of high-end floral design."
Purslane,"A resilient, succulent-leafed plant that is often considered a weed but is actually a highly nutritious, tangy edible green."
Quince,"A hardy tree related to apples and pears, producing fragrant, golden-yellow fruits that are excellent when cooked into jams and jellies."
Red Hot Poker (Kniphofia),"A bold architectural plant with tall, torch-like flower spikes in fiery shades of red, orange, and yellow."
Red-leafed Maple,"A stunning ornamental tree prized for its brilliant scarlet foliage that provides a dramatic focal point in the landscape."
Rhododendron,"A spectacular flowering shrub that prefers acidic soil and produces massive clusters of bell-shaped blooms in spring."
Snowdrop,"One of the earliest signs of spring, these small, hardy bulbs produce delicate, nodding white flowers even in the snow."
Spider Flower,"A tall, airy annual with unique 'spider-like' flowers featuring long, wispy stamens and attractive palmate leaves."
Star Jasmine,"A popular evergreen climber that smothers itself in tiny, star-shaped white flowers with a powerful, sweet fragrance."
Strawberry Plant,"A productive groundcover that yields sweet, red berries and spreads easily via runners in sunny garden beds."
Sweet Basil,"The classic aromatic herb of Italian cuisine, featuring tender, spicy leaves that are the essential ingredient for fresh pesto."
Sweet Potato Vine,"A fast-growing ornamental or food plant with trailing stems and attractive lime-green or dark purple foliage."
Taro,"A tropical plant grown for its large 'elephant ear' leaves and its starchy, edible corms which are a staple in many cultures."
Tiger Lily,"A bold and hardy lily with bright orange, black-spotted petals that curve backward, creating a striking wild appearance."
Violet,"A small, sweet-scented flower with heart-shaped leaves, often found in woodland settings or used as a delicate garden groundcover."
Zebra Plant,"A striking tropical plant known for its bold, dark green leaves with vivid white veins and bright yellow flower spikes."
Zephyranthes (Rain Lily),"A charming bulb that produces delicate, star-shaped flowers that famously pop into bloom immediately after a heavy rain."
Buckwheat,"A fast-growing, eco-friendly plant used as a cover crop, producing clusters of tiny white flowers that are a magnet for honeybees."
Cabbage Palm,"The state tree of Florida, this hardy palm features a crown of fan-shaped fronds and an edible 'heart' used in culinary dishes."
Camelina,"An ancient oilseed plant often called 'False Flax,' valued for its hardy nature and the high omega-3 content of its seeds."
Elderflower,"The fragrant, lacy white blossoms of the elderberry shrub, widely used to create delicate syrups, cordials, and herbal liqueurs."
Epazote,"A pungent Mexican herb with a distinct, earthy scent that is traditionally cooked with beans to enhance flavor and aid digestion."
Fern (Maidenhair),"One of the most delicate ferns, featuring airy, fan-shaped leaflets on thin black stems; it craves high humidity and shade."
Galangal,"A tropical rhizome related to ginger but with a sharper, citrusy-pine flavor, essential in authentic Thai and Indonesian soups."
Hummingbird Sage,"A California native with aromatic, fruity-scented foliage and tall spikes of magenta flowers that are a favorite of pollinators."
Indian Cress,"Another name for the Nasturtium, this plant offers vibrant, trumpet-like flowers and peppery leaves that are entirely edible."
Lacandonian,"A rare and mysterious rainforest plant known for its unique botanical structure and its preference for deep, loamy shaded soils."
Lemon Grass,"A tall, fragrant tropical grass with a bright lemon scent used extensively in Asian cooking, teas, and as a natural insect repellent."
Lilac Bush,"A classic, multi-stemmed shrub that fills the spring air with its legendary, sweet-scented clusters of purple or white blooms."
Mandevilla,"A show-stopping tropical vine that produces a continuous display of large, trumpet-shaped flowers in brilliant shades of pink and red."
Marigold (African),"A sturdy, sun-loving annual that produces massive, pom-pom-like flower heads in shades of bright orange and yellow."
Mayapple,"A native woodland plant that unfurls like a green umbrella to protect a single white flower; note that most of the plant is highly toxic."
Nandina (Heavenly Bamboo),"An elegant evergreen shrub with lacy foliage that turns brilliant red in winter, accompanied by clusters of scarlet berries."
Nutmeg,"A tropical evergreen tree that produces two distinct spices: nutmeg from the seed itself and mace from the lacy red covering."
Orchid (Vanilla),"A climbing tropical orchid that produces the world’s most popular flavoring from its fermented and cured seed pods."
Peepal Tree,"A long-lived sacred fig tree with heart-shaped leaves that finish in a long 'drip tip,' often found near temples and shrines."
Plumeria,"The iconic 'Frangipani' tree of the tropics, famous for its incredibly fragrant, waxy flowers often used to make Hawaiian leis."
Quaking Aspen,"A beautiful hardy tree known for its smooth white bark and leaves that 'quake' or flutter in even the slightest breeze."
Quinoa,"A colorful, upright plant related to spinach that produces highly nutritious, protein-rich seeds that are a global superfood staple."
Red Maple,"A majestic shade tree prized for its reliable and spectacular autumn display, turning shades of brilliant orange and fiery red."
Redwood,"One of the world's tallest and oldest tree species, featuring thick, fire-resistant bark and a majestic, towering growth habit."
River Birch,"A fast-growing tree with unique, peeling cinnamon-colored bark that provides year-round visual interest in the landscape."
Rose of Sharon,"A hardy hibiscus shrub that produces large, tropical-looking flowers in late summer when many other plants have finished blooming."
Rosemary Mint,"A refreshing hybrid herb that combines the piney notes of rosemary with the cooling finish of mint, perfect for culinary use."
Sago Palm,"A slow-growing, prehistoric-looking plant with stiff, feathery fronds; despite its name, it is actually a cycad and is highly toxic."
Scabiosa (Pincushion Flower),"A dainty, long-blooming flower with soft, ruffled petals and a center that resembles a pin stuck into a cushion."
Scilla,"A small, spring-blooming bulb that produces drifts of intense blue, bell-shaped flowers that naturalize easily in lawns or woods."
Sedge,"A grass-like perennial that thrives in moist or boggy areas, offering a variety of textures and colors for difficult garden spots."
Silene (Catchfly),"A charming wildflower named for the sticky sap on its stems that occasionally 'catches' small insects; produces bright pink blooms."
Silverbell Tree,"A graceful, small tree that lives up to its name with a stunning display of hanging, bell-shaped white flowers in the spring."
Soursop,"A tropical fruit tree that produces large, prickly green fruits with a creamy, tangy-sweet interior often used in juices and desserts."
Sugarcane,"A giant tropical grass with thick, fibrous stalks that store a high concentration of sucrose, the primary source of world sugar."
Tansy,"A hardy perennial with yellow, button-like flower clusters and fern-fringe foliage; historically used as a natural insect repellent."
Teak,"A massive tropical hardwood tree prized globally for its incredibly durable, water-resistant wood used in high-end furniture and boats."
Themeda (Kangaroo Grass),"An iconic Australian native grass with distinctive copper-colored seed heads that provide a wild, architectural look."
Tobacco Plant,"A fast-growing plant with large, velvety leaves and fragrant tubular flowers, historically cultivated for its nicotine-rich foliage."
Tuberose (Polianthes),"A night-blooming plant with waxy white flowers that possess one of the most powerful and intoxicating scents in the floral kingdom."
Water Lily,"An enchanting aquatic plant with floating circular leaves and waxen flowers that bloom directly on the surface of ponds."
Wattle,"The national floral emblem of Australia, this Acacia variety produces a spectacular cloud of golden, honey-scented puffball flowers."
Yew,"An ancient, slow-growing evergreen with dark needles and red berries; it is incredibly long-lived and is a staple of formal clipped hedges."
Zea Mays (Corn),"A tall, fast-growing cereal crop that is a cornerstone of global food, producing ears of sweet, starchy kernels in late summer."
Zebra Grass,"A popular ornamental grass featuring tall, arching green blades with horizontal 'zebra-like' yellow stripes."
Zoysia Grass,"A dense, carpet-like lawn grass that is highly prized for its heat tolerance and ability to withstand heavy foot traffic."
Achillea (Yarrow),"A rugged and versatile perennial with feathery leaves and flat-topped flower clusters used for centuries in traditional herbal medicine."
Armeria (Thrift),"A compact, mound-forming perennial featuring tufts of grass-like foliage and charming globe-shaped pink or white flowers that thrive in coastal and rocky soils."
Bearded Iris,"A regal garden favorite known for its large, intricate blooms with 'bearded' petals that come in nearly every color of the rainbow."
Bergamot,"Also known as 'Bee Balm,' this aromatic plant produces shaggy, tubular flowers that are a magnet for pollinators and humingbirds."
Bigleaf Hydrangea,"A classic garden shrub famous for its large, rounded flower heads that can change color from blue to pink depending on the soil's acidity."
Black Currant,"A woody shrub prized for its glossy dark berries that are packed with Vitamin C and possess a deep, tart flavor perfect for preserves."
Blazing Star,"A striking North American native featuring tall, fuzzy flower spikes that bloom from the top down, adding vertical interest to sunny meadows."
Bloodroot,"A delicate woodland wildflower that produces a single white bloom and a unique, lobed leaf; its name comes from the bright red sap found in its roots."
California Poppy,"A resilient and fast-growing wildflower with silky, cup-shaped orange petals that close at night and on cloudy days."
Carob Tree,"A long-lived evergreen tree that produces large, leathery pods containing seeds and a sweet pulp often used as a natural chocolate substitute."
Chinese Lantern Plant,"An ornamental relative of the husk tomato, grown for its papery, bright orange-red seed pods that resemble glowing lanterns."
Clover,"A versatile and fast-growing groundcover with iconic three-lobed leaves that improves soil health by fixing nitrogen."
Coltsfoot,"An early-spring bloomer with bright yellow flowers that emerge before its hoof-shaped leaves; historically used in traditional herbalism."
Daffodils,"The quintessential symbol of spring, these hardy bulbs produce iconic trumpet-shaped yellow flowers that naturalize easily in gardens."
Daisy Fleabane,"A cheerful wildflower featuring clusters of small, daisy-like blooms with many thin, white or pale purple petals and yellow centers."
Dogwood Tree,"A beautiful ornamental tree known for its elegant spring 'flowers' (which are actually bracts) and its stunning layered branch structure."
Dragonfruit Cactus,"A climbing, night-blooming cactus that produces spectacular, scale-skinned fruits with a refreshing, speckled interior."
Engelmann Spruce,"A majestic, high-altitude evergreen tree with blue-green needles and a narrow, conical shape that is highly resistant to cold."
Fairy Lantern,"A rare and enchanting wildflower with nodding, globe-shaped blooms that look like delicate, glowing lanterns suspended in the shade."
Fritillaria,"A unique group of bulbs known for their nodding, bell-shaped flowers, some of which feature a rare and beautiful checkered pattern."
Galax,"An evergreen groundcover with glossy, heart-shaped leaves that turn a beautiful bronze-red in the winter, often used in floral arrangements."
Ginkgo,"A 'living fossil' tree with unique fan-shaped leaves that turn a brilliant, uniform gold in the autumn before falling all at once."
Grape Hyacinth,"A small, fast-growing bulb that produces dense clusters of tiny, bell-shaped blue flowers that resemble miniature bunches of grapes."
Guar,"A drought-tolerant legume grown for its pods, which are used both as a fresh vegetable and as the source of guar gum for food thickening."
Gumwood Tree,"A sturdy and attractive tree with aromatic foliage and a resilient nature, often used for its timber and as an ornamental shade provider."
Goldenrods,"Late-summer stars of the meadow, producing feathery plumes of brilliant yellow flowers that provide a vital nectar source for migrating butterflies."
Goldenseal,"A prized woodland medicinal herb with a thick yellow rhizome, traditionally used for its powerful anti-inflammatory and antimicrobial properties."
Heliopsis,"Commonly known as 'False Sunflower,' this hardy perennial produces a profusion of bright yellow, daisy-like blooms on tall, sturdy stems."
Henbane,"A plant with a long history in folklore and medicine, featuring pale yellow flowers with dark purple veins; all parts are highly toxic."
Heracleum (Cow Parsnip),"A giant, fast-growing perennial with massive, umbrella-like clusters of white flowers and large, deeply lobed leaves."
Hops Vine,"A vigorous, twining climber whose aromatic green cones are the essential ingredient for adding bitterness and aroma to beer."
Indian Grass,"A tall, beautiful prairie grass with feathery, golden-brown seed heads that provides excellent texture and habitat in a landscape."
Islander (Agave),"A sculptural, slow-growing succulent with thick, pointed leaves that forms a dramatic rosette, perfectly adapted for hot, dry climates."
Ironwood,"A name given to trees with exceptionally hard, dense wood; these slow-growing specimens are prized for their strength and longevity."
Jerusalem Artichoke,"A member of the sunflower family grown for its crunchy, nutty-tasting underground tubers that are a delicious and healthy vegetable."
Laelia Orchid,"A stunning tropical orchid known for its showy, often fragrant flowers that come in vibrant shades of purple, pink, and orange."
Ligustrum,"Commonly known as 'Privet,' this fast-growing shrub is a staple for creating dense, evergreen hedges and privacy screens."
Lilac Tree,"A larger, tree-form variety of the classic shrub, famous for its clouds of intensely fragrant, pale purple blossoms in late spring."